{"file_hashes":[{"block_hashes":["yXsHFqD6vRwhEtmKcNEMCnN13C8c0/+M4Ye6IhpIZSc=","O4MiqyDOCByJGRxjtPhGcs681Qwku7WvOo/lJSndTiI=","6FUoQ8H45H9NvOdAnkqXD4eINJlXStFsegBeBOYPSAo=","NGyjOEgOf0pSI8H1B4le+gpzQWD58xB7cXsiLZf6K7Y=","+aX4DhSQWHbH3mEeJsxDilAV5aWf6lx2R9o2y9QT47A=","+VVLwjmeXxShqgyW/TXHQ4260h8ZoySdY3iE5Rh+XbI=","XchsyTd67uHdud9cpX6+kGbq1J0eRPKhtEGLpg4N9Ew=","5LfUQClzldV+ewy5zDHXjEe8T70k6WwlAtzJVoB0Ae8=","a4lw6lT14l7J9d7Ai9yJMnfezEEEKQLXXMQHsrSlaMA=","lveAClI+0IwcSH61eqv5bFYBCYcThjcU11o+JXXdslY=","8Hy/ygN4L12luPfDwQNBfzC0kmeQr6zY+baEuAU3RWQ=","wDnCO9nuJ1mRewwa0bIXSjtxjQypZQF+txsZw8eVvpw="],"block_size":4096,"path":"_locales/be/messages.json"},{"block_hashes":["6CMFlgs8yWdkr4huS+Ptzzs8Tc3wKAZZtk6DKZxTegg="],"block_size":4096,"path":"_locales/fr/about.txt"},{"block_hashes":["QeUpi9s7QtLPGVvAtF3r9EqQoyJTppuHpINPUkYWWkY="],"block_size":4096,"path":"_locales/ja/about.txt"},{"block_hashes":["boYLmI7qORd2Smt65Lsy+j1eR7CD9sZuBTPdDtwX4co="],"block_size":4096,"path":"_locales/pl/about.txt"},{"block_hashes":["7aCAe1Niso3GOpLq93GepAfmurINkBmUpEkJ5lmO8/4="],"block_size":4096,"path":"_locales/sk/about.txt"},{"block_hashes":["VyRIQRtuMRnI/7xFmQb+CLiq49GEh46TuWL4eywgAfY="],"block_size":4096,"path":"_locales/zh_CN/about.txt"},{"block_hashes":["Qj61OKbuoHofWXfN6IZMq7CeY2nt0Yo1L4lhRBy9yyA="],"block_size":4096,"path":"_locales/zh_TW/about.txt"},{"block_hashes":["G2l8sj27F7VyjjtUjDCzm3E3+dKdm3UaL8Jn5RU1iqI="],"block_size":4096,"path":"action.html"},{"block_hashes":["xhZcJRt6COjQtX3T/67go8kQRcwQwSxdcKkp2WUPeiM="],"block_size":4096,"path":"ask.html"},{"block_hashes":["9t1P56ReW7+e3zFfeJzr/Gh4tw1+vXf38NIeBpwyf60="],"block_size":4096,"path":"background.html"},{"block_hashes":["1ZwdUTCP6FI9YNXzK83FFXbCjW7WGd+8CzU/VmV+o5E=","EPdHbGixeu4XqZf/6OEVpagrtpgNL2HTI6qBzQbqEYU=","635NQmVNIJEY8xQvJGc/AdABt/cGmhCnznUXDa8oopI=","GgFPwQY+yOkvpXjf0QshohU/+QtnO6CJvC0k7axzs2c=","e9VmjSDR41d4GM/suoRKzJgmM3JzPouIi7qw3WSG6gg=","PSKgHPlACdRNeMNazxidNnf/xgVCxiD9HpmmtV3jkNk=","PoeQrT0NWbEumyHeTBEGpr+jeXgJzHgIEDHkmsob9Pg=","iSplFopVDBCDpcrFJnm/b2xh3xQ+yUVja/B233ER2Vc=","0+StBaYcfQADCNtfSHgJdpikr47ThEiGoirnGebpt9M=","XQvjV7s04+9vfYXN9eihylWJBdBoOrL9DJddshu1fOM=","F6PsVIt50b0kD1lyWnyxtFZ//ZelXr7eePfRTytQM6g=","ePpfuUaxf6zKC0okHq1GgMNn15gw6qpMO6cKOtcaR0c=","8CEBoGMB2FHOqsooSkQkf/8BadHTe9suZSU33B+jjKI=","ObAb8ROWWgeA17eeS17/rObfBllEaN7XdM2dlwr1X8M=","94yXETNmvWfJMHBAB6U6aTBb6kcSBlUAo/ZPDjlL65E=","uwoiUj79luYml5ocCO3Pf4yh1pZWFcfN8G7z0nQCSCE=","0wD+CgzjIyh/L/ygr5Sk/AqPTIi7aswtkhfo08t3jkw=","19396eGH1yqZXFT7Quauf2qs/XXIW07dDF1AjHcEUR0=","AlHlandcQE5ZN8045aSaJBePj8QyTZECwTsNr+wijgo=","PgjLcEnCzgxGddy0MFHBI0j7OM+EZtdbb9+su3Rk4ak=","bB4wxkYDP+b+gkXnlUvw6ZO46MJgwuumdvMkAMCF9/Q=","hLI/8rE37bGEIN4t+nKpWNcJCCr0OvEgbaGfoYUAh2w=","wCovB79wDDx/6ytDANpqTyH41kBehLrTJP3VH8uLIxs=","ZgLMD9OV87OXL2fhpgEbxOT/Iv1vHx916sI467NDoXQ=","aoUaRfppIqJHlMPzaxxuHNJLvs7rHu+39vZY6c/5H54=","uWClHIAtawOH5eZPwftE+/9nft/39liJ4bHBDLqs8ko=","2H2XrvPQNaqrOMP59l8320a1IgCOP6Eduosu+O/lc0Q=","wOrU892ODZrKp9mH0+PUTOMadl+CQjtm9ei9qYUpWBk=","KkfTaLoAB1ICV+4lwRhWg2jTi7u3aneY0C2Oz3QIc00=","HxYjeRMx37Oc+1jXTiuhibUwJ8ty1F9F6c9BlzNvP0g=","LEem27jAt0DgAckLp7UXpwC0+p6thRmXu/ymkzodNyo=","BswRBIVZVxd70Vqg+fYuRohY7Q90tlhoshBF+zpzhd4=","VfddrBMbWSJjlrxq+D/9/v/KIpUpmVl/RCAYkmmFB2M=","hBrJMGrxElwVw6ll1TjY/KWnG6IfwFUIswTwcuTWTqo=","aZsGa/X58TtOboNuVZPtliSGffA/O2Yb+DX4IaxYOAE=","BxfI1Wbg3/A9j+T+u1tcSnTr60QHBLMZKQ+LwYa57ac=","k+k7nSA/zqwm9jLSynMc5WCklvGO6EycXfx/id2mB7s=","NkLQ29Q8HGYa0KrD8krgahwsAgVs1EZSWNYZQltJzxU=","pDKeDwOcyUvFqtceXVgkKJPAhKN5r0FczPglF79OUZo=","VdcYHdc8akw5lgB7ksC0hB9LCiONicexy0pqOvard+8=","D+1ZrX3f3kFIRgt8hg4yMwT7UN38IiGI/UVadN1Iu3s=","NuNSNcOMXA3AlEBEINalLh22WcY59mPmDL6NnS75mGE=","eMMcbGpnBVbNgai/z/k7ekm22ZZ6kMfM92B8kCU1LCE=","VrM1R08tYvrDlKQTxZR7vIBT7yJ5BL6jyWD6TDyr6Pg=","e/vOp1uYsE03KC20i6DW/nAqcuPsMQ9bdfKI51nHqc4=","eXScdIHWN3il9rRtkI74au4kk2eYxyOCk5yDsYnOK24=","/1sBoyw78Fl7nQQ4sN28i/jZwac8qNUGGxx1pFbLVK8=","PfandIBTvvBvr60/SSjL6/iEA3wO0bN1OI2FmgwlVVQ=","3I48EVEDz5qEaI5sm3OR9rri47OzAIeU8mueuOiUU10=","H77ChDD9xFjgOyG8u9/4fQ+8iWZ4c9NYw+R2LFiy7K8=","qYz7QY1pjc6zQ0GHn6udSrlv55gDtD1zeIMln4vmgks=","dcduHEqnBW+HBq3j1TAQ2d/y9iMvwhnzn9b7BCVlvWo=","s3hIRhupUtjkE6GyTON4X4Ydxky/F/TZTOQkUHkO9jo=","IpqOhw18SNNpSnXqHnAAJH+x4KBUQJUXMfcKgCT4t0A=","IWMezEwAjnsrEzJXi96S+wB57Xkc1wLW5VKIT7qPz5g=","Vd+Ow7w1qgAvid4q7071n6h5lD/h/mK2b+NG3Dl0GHk=","hz6TT2NTUXLtJoOfKh8DNdKv2G9O8POTZXbWyTJZOvo=","c7iiK6cqRn93iYKE2rK5sNA0tzpjJUBD+ARZ7M08my0=","TPASVjNei2jjzKF0RLwg1/zrSAuJViYLyj+q9FsDBwI=","nQfBhWGG0Bqh0PlSIRpaSgeyGLhA76IcO5EM6v4TrM0=","i7jpvC3x4i/8GO9Rxs/KsSruz7GLiCdY1sI+ZElynNU=","Oh3GznSW5yS95xxqUmj7euUii+ZlRQrDj70WxELE3jE=","x44JbgBsXpWIL12YIToXDNTFd6KtqeUqnffASXkw/KI=","AA5mz9Tf2Al5sddznjDm8pgq+DgWHcnr1SESDzukNuk=","BxoMtGR+6bcz1T/cNMiyTa0D5gSEIgnV/7HbrzoMXV8=","D5gqYjluR4UpxVeT8Y58KRHcUSAh+ygooG+CuKGIG7g=","wIB02OsjRWZfv6SEX1X1j0DH91+dGuunRSN7hRfGhsk=","yaz8uXSA+aZnE/e3IzONJ+feflIBeoId7kIgDqelMlk=","c7OXe04+dTd8k+S3wbC4fJSUDP7voMYZEdAYAZPSQtw=","ajXcEY7ju2G6MiLxXXnz0VGBkUvEY7R6A9S5SzAvYiU=","+e+D8FF80lSE1B0vQoBnRDw2OR/0/z+W+kELaTXL7jM=","kSESEc2zrd0qjQm3DYqoJAWtCLnDMA58tTD21PtgrZo=","u1dxMVlHEYnwUHRU0jHwDkbv/sqIgc42DNJHhqo9JOc=","PVSH6U/OpE5Gu2q/MkgsRdbwDM4mwfdvi8ZDAng99sU=","Cxt5I0io11QX7PvPX/CsuHaoAoK/S+x0b3/WyVuYltY=","pdVGm2odOAycSTspYle9kU3vDDSn11BgknNDhUJ8lmk=","HUsrKtNmmAPQGHpEDi+H4cJdq7plCkYeDpJ7iVis5VM=","KsS979tIOrpwdjcpNyGwQadXiUfDbILknH+BFRKUzb8=","9VxrBx7m2GpubzOJmYjM39InuQt6IFF1qu4GR31ea/s=","3jYgALSWgg9vdVe1Zc1cMyZvZ3RjGpAoRd2Ok5ii6NY=","vF23SzWYMcrabTrhSv95l25piZTLQhsDHZH244aQUXw=","U8cf+wMvsPcsbbCkF3EIquNbReFuoAD04vzkWHAsKNY=","LzkBfJuLXPs4HYwSoA1Sp7b3EcXiekfHBMj6xlGZCQM=","EHfwRJ++8HUlKPnNr21LM7HVde1s9mbHYDX11/1XJUQ=","t7YFO0Okt2WtmMJ7lYosz1iiljBXrGHOpcWsCtak87E=","DjSHrxLgQ8rmAclIU9vvFFZQYX7GlV1+TGG7NvQChwk=","aNgAt/abJE4k/4s2W/7kSku5fValBiHKLYWXH02/nII=","5kDdEWhlqppk0XUV6S5F0CrSL7jnk0ftmRSKqgmDVRg=","M7el9Uou+R3l6rZQuG+xFQGoz5fb8oSjQExQtBWFQ5Q=","P7msmQh+HaWsgw9HCNfu7tCN35dbFHRWbM11LYKa6cw=","srOss8jj7vlrYTjU/qUp71dTHA+GXI4msygJi70ekFA=","oWreKrbHxx5WED2apWd6wM//Gq+RcYkEABDwF3B/e04=","/CnIglgEbdgNRb+nNsJ4ybgSa5q5QfIpmczN/K8lGYY=","euIZ8HLF4dgUcNxpYzoygqqz3rMMrhXJXRJcfp7qnjw=","/zAVKfVETVtQBBR/huYDGSQoNkCCRUc/Kxx/W6ijPmE=","LCno2++kR4FNew+apO7U7th4mdaHWmxQXIrE504nNEc=","WkDTif1zRo6wgr5EL1PswbWSbJc8XS9D+dwounZTyqI=","Oqq5cU5sCPqLt4rzOOuHfYp4rIDOPDiY2LEFx4lZGqg=","JwUdg9hCpMSd+UVBDxlE9hahNt8HdpJ23aB9yqXuSJQ=","w3Nbd03sj2BKdkSAJSpElGcChB+8pmb08jwotuqMzsY=","kgngMc5EzArL9Txax6BgTANnRPumPrIU+HTg1CRMyM4=","B5f3IzAkFMagET1YwV07/MWNbBDBrLKOoJ3aHI5w4lA=","HCyH2BpPwZDNkDUFjUYxiZzfqDV/JKwIzBFLtBHAK4w=","EzTACh3wEqTE5lsTvRjbOCS0Js0xlESl2W0X9eiriQ0=","3etzp8Aa1vjdU4KcfDedaAnY5JAB5GW33Zkf59orxT4=","pUnfp/3mmyjnf3DChfHnTN1AWwjYWOFa8sd/JKr8T5U=","7pkdXaaj0fA8PNkXYA5xpLzV8Uf14679WJKwUkImvbw=","7obgoGC0xMrFpydE/ggBjSC8F/HnmpQIz01u3+wJl08=","ToVmwN3KjreDGtyEnd0LcLu5Xn7w4l5qYkFPhh1Bfes=","ecC2649FBYKTq1OzUCt5VDZjE7upkFvagfJ6NIDLraI=","AhthnbbrahBnV9ykziX+cFp0q8UsYECur/CYVAvHip8=","NT3Ze3J7vUVZKAFbZXuemtGEkUNmpj5HqyYp822Bh/I=","a9aEFyvHaia0ttJ5Rxbp4Lb7UUd5C+702oME31hLgmU=","1b0kkDInYpICJuz47NtHzthE3Tlj+VDb/D4J+FaDpLg=","qzvpzyTiakZMUKnqzBFt0jLminSQwD4vUjP2XsqcZ3w=","/FhusVTI5SssEFb2Z+6ad4pX+85IzrVMo6HTxrvGbaY=","UcU9P8Mt9itfgxe/YxUY1MzfFphYmym4L2SXMejMkx0="],"block_size":4096,"path":"background.js"},{"block_hashes":["rUgNSDAhlHcjHPXy2naV/CUIeviCtvDfWIWg9A3hJPM="],"block_size":4096,"path":"cache.js"},{"block_hashes":["Ov2r2v+7kV6RcBkYNjmXpanU+DUMXPKTux5esL0RJ0o=","prXsZKTgIrjeCR/+RAKNYb9Up3rS/7gS+YSC8hWw2x4=","5bWNCJtcPcDtK+O3ehMBvSPLNwhelgXVXaY0xD8NSFc=","TI82ERLqiiSC6MCJAvJP7K8KzbIFh/+JnOl46DKAVpw=","+Iqj8rrM9p61WP87H4ToGvgqwRn8bCjSZZN4QB01Fg0=","jXsEmB5libF+fC8ibAkiqkWqOvAkyCcKOHkpGpu2XEs=","e7+vuqrloeTty6Q43JYlrWeilpRdqN+mTMeEfcBbgBE=","T0ZhT7a+5+qTCCqjvlrB6Zp9hst2BP0hmKBFAxVE3rg=","+v7gxuQDciI2nVT+zbaxocj5YBGA12g5zvN0/8j/vds=","eMB31Rne0KmR+dN+96pLsd4e+W7wbmTnIfJToKe3Zug=","MGZJsUrB87a8fy3SQHbqCr3/ICEL76CWLKOUrLzXOpM=","6c4Up8cRelRUEpKqYNyXeZBO9IGqpJ2308gsbkXFwQc=","oxHc+1bpjHftZfrjVKA0fO2rsujzZjCNB5TLCxPEE78=","Ma/ixNI2Pfi5QB3dMEBwkCUG04w2AamWTPcJMVqz2rE=","OHc6A71t1vRFdIl9l47sad6zxwScRG2e20zJi4gQlrI=","TuURcsdy4OgigvfFv+qstMvOGwF1K6Ef75VvNrGIOaI="],"block_size":4096,"path":"content.js"},{"block_hashes":["gqiQs6M6PfimEp5hJl+MV02MRHpe8jUKXVJC18WQbIU=","bdBWQW/l/AkW+kTnRAm1HUS99M1NNzBW1eePDlZsF64=","BmOXNrRqtBpfrht0Ov8/L2Sm8A2JClhCvJU5O10/xBg=","4qLSDfynAiahPFvl5+BLaGVHg3xIGcFbIML0REL9Gck=","TDm1PeTkdwsnbU1PDu2LF1aGr0lr8uoOAct79364CJY=","alLY9Bp7MIHaW4TwamFWMY5GMGxWSG6Zj8eJbpSsJC0=","e+HcuNN7IWosCx2uzV6rEUuuXBd7v68nWNwCanyGezU=","kxQmwo5G2Q6KkqEMenDgrsc2FQjEIAwpRyh5Zkrdpt8="],"block_size":4096,"path":"editor.css"},{"block_hashes":["3/KXgtEfdcomGYoXPYt1sVhLuWgCETu5iZHLS1o8FLk=","UC9c7tIXhp+COIN2D7UW78v8taN859r1NYDoQTJ5Ip4=","8gGIulAkPI12VSXJYfJm2/lYcyDgPzfixDxSLJKuO4Q=","OAnd2RpXqqfCH+xEgu95SuCDf9FyqfSDBuH27mjcZg4=","wHEqtLm95/aIK6QMtUZHL+03sE2H8Kyt+WxJPBtvFRs=","P0mQ97rHRrm7i0SdyP4Njk1nX857FB9ZE9tQxDOBwJE=","rMsH+nPWLb2xCoYb2Pl2q6IwUUys0+OV0T0xxUeusSw=","7XjVh2cl26VieALs2q1XhE3z/yyqcJ8hpyNnmb3X5XQ=","+0LaGcga7fpPo6cJqVCc6oKD+69VjTzrUjZYTzx6JuY=","2WYVTNs6oxU1y6OXIjoQO4S+MPjqNndJszo5viLm5Us=","En0MeH2179e/WrEQWXA9GVs4gCFJXd47DYeY7H++h3g=","SoHy3Cx0hm0QCGqrvZnTZ7CPQy8S/ff/nHBBx5XRAeY=","jV4fxjI/gVLG10GyCwZmEWjz4Aia1F7xcevQaHxrKEw=","TeHCqQ0vpprVTg2jYRkPNtc0q3AYxqY9n8OgqJiMOyY=","iURGPsklVYB+M6lsDyzISo/o9Y7NelC+Qz5K79sKCNQ=","EP1oitr3T73tGzMMsVTtE0z1XWbcRf8CyH7lhzH2jEA=","d1c2xQyMq9/wruwCEQFg1vqdPeEgk+7HKCXyVyVgBJ0=","J3KFNaOKMdvkhv1QdV2zEdIWdSSdbISDx6nanrDm1ec=","ToVj1O0JXE65Juyk/aIh+UpLceV4HY1InuLv8EwF7KU=","GX8UKsYJyP1O/F3B430GGWvtMCTEGYkF8xSHIC6W65s=","PPg3SWicwM8HShnQi77y0Cd6CrJfWJ2D+ettUvdL+jo=","hy7KHzgfj/51an7OycQu5Uqg97jnGWOfSzcMy5ueO1o=","Xg8oc9SbQxk4dW39+qBy17oviCPqwV4JwkXKtPuQxcE=","imMF/XSmg4I7aqpmyViEbGpmJhY3Iq8FHPgaYzTbtww=","HWADkZg++kLPkrAEa+Wd/smyfgVrTIdlg0RoeWQ3OhM=","R4hXuvUKf9flzkfohk8CFvrhtIdhfenHjaCqKrE6rAY=","MBcRhD5I9Xl2GF4ZKfM0Trp7NJOJA6ZmcG9kNt/Zv5g=","OSCyDD1BRqwZ+kh6Ch47C3uqFSEZGegFs4yqDDyjPFA=","fz6RDgHOdHtDRLO02cWE0LEyv7hL7L2dsC/SINhNU7w=","o3EslZ79thv2Ye+OThpHr/Z7bictTkslCpyH+4kG3pE=","2u18Y56u8Imr+/7ZH1FoAzUqc1yk5UVIyPhnFhWcj7s=","VQJrqFAXpYV0TeKriBEZnu8c3ZP5XtFDMWAIFhRmJwg=","6IHOjesxxJZ1oMO+dvOPaSFWT4rpMchKVJwiNdqz7mM=","8ISq9ljQ0TQPOyK119aJn9T/L+jTH8+tjxeR8Jqa7u0=","kdLXNFmSjnqxjPhj3J8EJwC/l/IWqDCbq6CZeeSHOYg=","+1am1Ausw/fz06vFpmK847Wmhz58+0kqdyK7ruY/Gxg=","8BeJsyPzguOsyAjo0qnnDOKVYhiPM9C6rj0EysxZMao=","1PcLHdF7sNv5d0Kxl8eUIocFmsLcPPUTK0A55ZE2qtU=","fnmogHo/PRLlDWuJf4rkvngVDGN+g1hxjmZro9lsNPw=","hnYPJHXtHIu65fvHtC50A5CXLSMyMJYd5TG2JllbIds=","nepTYEadVxk/C4yWH0L5mio6QlDkEojoaZLHAwWHy38=","Ze9QjxDv7vG8jCNghkLlL2Jg8TILS6u0S1QdNpaFtiY=","9+oLK6YIbHggfXCqfbdJrRs+vvVWp9qxpYN7NnLFR6E=","K3hPTxfkr+orExtWvbAzEA3k5WkXMAhmbGNHJO5MQv0=","gcyuXAZybw+u0EkEZ0NRjO0LjeMpxHsAd0BPhWl4lm4=","V6HxAj23YaJczONF34OKXN9ka/EMxtm9VSGymCIK/Hk=","ATGMfgGN3zE8043kVmM9chLveZW5xg8boh1k3lkIfuU=","bUAU46Ai0F+ymTVzCOr7UqxHCCL9tpsz0ewAXDsqAXo=","rJ9P1ujVjmKqMRvwFehUOytvhqrkCdg+F5jfZqLeHi4=","1befAvxvErFeH+9GLXE+2qNXvVYjW1SwnaHg8xe8rY4=","hsmGedb9TsRzOLJQT2C374TooeUEbs37aaCOSI1nG+M=","WgZC7Z4s8W9TUmJjSmK1lfmMp20Uw6hN47R1P5omdVM=","OBbLrmeio5UIqWsefJEsrliGH4HihaO/NbgLBR2jM60=","tEI+MeBc80ZeyRRBbZALf5gd0wzBemLNMBvmV16TVpk=","5CIuHh71HeG6eBNvFygsDIX6K5HeqbJ7ryp0mXYWxeM=","MTtveKBFo+9ZyoYUtJqQKO//czR64XQT/UpnC03g18E=","wq1X1E93209DUnnrDszzGd8uL2BjFvQ6vqvyWezyk/A=","DPVnhsyhC1XXE8KeV7tbx+EWdNGxCvfVJ0lY895k5qQ=","cPf/Gm6duMINBkatYqrAAa+a92JOhIYmsuMLgdV18Ww=","8s3NXWHPsatZolRtZR0qIrIHDuDZ1BptO9yoddqb/7o=","O5Y4jZd/Oua5TbKabA/KGNGjzXiJmBCPAco5pRwJAlY=","xoLYFX2CZZXH2vT+93PHpGZ+hMYp68bKwOGkfg9XrrE=","Qfhqcgj2pd4IsiLVdqm9YsrdTW363tI2/Ct+q07TyAI=","dE5+vrVaJm1fspolo3Wg4dUr6LNjszgFLqUYMHdM5Bg=","6dq64w/GPNsO/oaUU7qoWeNus2zMgYZ3jSJxydWBwDQ=","HxN56V47xrMj6QuC8KBM0ooSH4Z5bZ2pLilknRubGpo=","W3W+2UqpFbj+WcCFuWhx3TpvAZ02HSxnWAD/aTVPRew=","ojobTNvvN7utapV6rS0gCVKTznEdvVdpEajHb7SDoWI=","psdhKqq7C5oKkxStauV6rIBBbXuVyhpHvo4Zz+dZGaY=","gLwJNvMsf4D0ujyOQQr8Zc3cVIj2my/oe9mnjvc7ncw=","T3YvL7zMpc32FH5e8aWwIuaZ5XaiiLXomp5PHAIZ7bY=","Ri9Rr6xF0y+Z4qKMdW1aLunGakSx6+68KPcYDSuDX+o=","WGmY9QM4UPnTE0jjXwu6Iwiqp148QBor2tmWLC5XlXs=","ufmQUvYtgZagriwUzl9JFYz5FHaTAD+hCQBL42PKCSE=","nnqowPO3W0SBdfPOoidj+ZaE+FQ38fkNfq0r1gA9ds0=","buOZGVuk6rEQCFiq4mHpcyADBD5BWEgAp29zeLd/cUk=","hMrOnDSKHcM4tPAhYAGv7y/TipnR4sEHfdiUxDj+Vtk=","zSqjzXjsu6YkDQOCQ1Kts3jyhapym3YmbqN3lZEDj8g=","rVGkzXDNbFzdsN+cKsFVUeRajv7FOmvfamrMyVjOuU0=","aExzpjulYLPrkxiIK1XqnhaN7Icac4QgnnvTJNnO8eE=","0dbsDxLkge3JReLWuE/bwov8DdTrkYJg0Z2qHxN8EFI=","iQCqHtns+pzPHIpHXi8q7HffvVNDiRKm+4PD7nx8rzM=","Itmqj6Od4C2eg/VI9770103vlnUbkTO/CpZdyuTPWzo=","RZjA//6b65OJGcncYB+sU9xMeNaDNovLgenwpaX4RC4=","U3jW9LWcygpqT2+KmHoCLl02XmdALSQlIB6OABMlwog=","N3TdXT5ILJeL4ReDm9fAPLQn97fZIrpduRayK7H7cTg=","5PEaI3V7xAu9SBxuJu87n1qFv8zWZra7OHxRoMO76tw=","zMfgd2YfjUoTaEdg985jfylCLuQ8Cl7l+jBbXRVZI+c=","qvvDbLpgCKScfr8HoOQaMEXFYKSL4FHWukFEAa1Mrhs=","XucF38iSh415VdoVgKDAtGmPvcK0vWx+1ZrkeNCjE5E=","ZsK7++nofGRhA2S6aFjvJinl4gX7m2pjqovk9GeAVdc=","d6zdDzHkVJfrhazyQYHBwIP6ZqE8NWQr3YQ+6j+cALA=","kBprFwGPiNcUEE2mae6vg2MBRuVMb35inaXZnhgAJ0w=","Q7Q7ek//mz7l1c5xwU0jMEggVjdnhEhsJxJZefz0wXU=","HXQTXcbNEnzK1lLVKiTMgpIEIiZUqM1cA9DIdAGvubs=","/ZputtstVRLNHVTI3tCtu6QklNUWJlDGUI2rxxU8IRw=","Me/byjEg/4Gs7zIm0tuH323588P3Bf3D4E12pKjFpZk=","QRr+n7z+29x98bHqGXNCdVHq0sIJf181CW5XHBe86MM="],"block_size":4096,"path":"editor.js"},{"block_hashes":["rnCCasGZjDdzAUCaM+u4E8f14fom+ldAg5QQf1hm884=","c9Pjwa9yWAJOTVC9On5s5jfCHHtiIp2qwHJhlyTRgAM=","l1iNS6rg/kK6yGrGirWuYDbl3B6p1DFEPogrh+iEARo=","b/UUKNO9rYrDJ9uId7jdayUyEVRUV+KcGLzItUZp4Ms=","rnfW6Z2x6EsjkPpNUar7GahtERFxnpwVqwI8ah/RtM4=","usDt8JlZqOmGsLBX8mci3RW2cVS88S+wnccsHv7ePCs=","8oK8f50L/TR3S4QPAhk5A0WAVpK1ZNwJUk+kOeHvhqM=","sBJLqKs2XdYUluqOXCw/9nCqw50K9ej+2wUb324yzGo=","zTezsEBPSwymP9pm6nmq15Ws1pfP8jnsDMKqDy6MrUY=","degDXFomIaq7F1rvv+iK0DQoMI9YpjxOFUEnjMr6aMc=","wbaC22q2/PondevWabCtZTznnQDMINPehUSEmbsl3So=","d9wZYOfW0eSiheK5Usba3emNhvfFWmgi9g6rDCevXjc=","1UiKIwWwMju3UsMibzXA1P//bXE66PGJlYQmzbEPZvE=","9wHMU01x4rtEbsWp035ULUD7cpVZEsOmFjYbkvIYXV0=","mFDewIxGfRGgKJKMyfCZa4IE05Rqsin4f7h13P2wCEc=","NRnc8GJvgDCPlqIg1al+2ET9/FisYF0vNB3q29PSZB4=","mMc11GduSF/oaoDz3uxwIQR9BsD9o1ID+Kv2yUQT700=","Jho8l9cKuR4MnrTTUlqxoaZ5TANS2QTFt4IJnavUD6s=","XmiC+RXEg6Mg3lKZNgVW3JeQcdU9yyj6eHbw//rAjV4=","ivKJFniEsweJy6dsm9G+euAKcLyLDdS+QdBkegeMD5E=","xAWCQ5KGE1Bn1JE6X0tOMuaoKbyZOgRTia+kme7RHos=","E0Jb07uNSL+NvTnj3NNT1hAp5Qh54W1qhny40taXXyA=","68CCwN4xkLBYbi1B5sxoituDkoJXoPvLop8eGypVYcc=","6jzPPL0TmFb1T80JsKYA++wds+18R8yUsByFT+TXGkQ=","wEbeLQkn0YyopO1tEPZ74E6FBHW5fgRvxmOkB1RDb30=","hTMski8bxR2BZepipqyFvEKPwt4JxcmZ2njoSSL5jK4=","KbnZiLpkzpUDFdgGZpWeRNNVqKb0XMEmnZgLbUighOM=","Nok/XFD6Q0XPJ8PzAl6bKURQex/Htwl7+H0d1obskr4=","qR6p8qLHhUaTsOzvu+I9Rp3B6mipiIvewPq+XHW2Uwo=","EF7vTlphETvFqNRnJZNfTUX58InPhhVGoRSgcEiI+rM=","Mx33q+BwdBsG8l6rInN4/HkIrbBR5hwSee74fnpKm4c=","kfm8VOGG1CW4KLNTR5d1MJ7JInURj07L5rBHuGvTDKA=","P58fQMS225jmPaWnN5DkjgDOSr3c/IcziNrA+KNT9BE=","gw+JehGlr6EwdMm3iE5JlXJwvhBNc9J74WNjZAdV4So=","WkBwgbT0QUABXx6BxyH3QlfCWFof3yUJ+3InRW2+1rw=","tdE+Yh76R7xTaUyeHKIUoXn2NOalCbMEWSjXIMMlbEs=","+Wm+HGahW6J4PHGlHVPGj6JetV3/eH9C5I41SoWiB7w=","PVWHlGe71jL+ZipgshA1YlUSSSWgWcH1IGLATH0KI+Q=","cSe/yi2EHR0/BymEcC3Xn+UBw2LFzi1mBhX2AVeHdrY=","symsjJeqsMrh2Kj8vY5KauWL95Xxlv3z85g8/sXoZzU=","7Mbc0ozjLHhoiFoHXl3a+z07hV+smxECb0ouvJUpRl0=","VcVcCtWR7TAdDD/h9XopnzHbyIDnZOKWpgfTGZsqtQI=","txEs2OnzY+CySS1VZECBe3K+sboFo3wr0Brbh9cdFzc=","/eGBWTYPbo/UPDxTxnZvwlP1H2OYtWJcXjbF6WFWjjg=","q1M80KcAd1h/KSaiEMVaRepghPtuOXU3ThOixP/5KNE=","7pp/IJg3nMXEssGXhC3MSE7A/M/5ccqKVANXXXXRJZM=","HmrDBUjUCxUKSVspvynoWPw+bcOW0qKh1Hg0Oyf1dbo=","1ZnG8IeZaqyuhHk3AvbzS7DT5ldNc0L2N9cazvL+rNE=","tSTWc9NUV/W0AvkjZuGUBvqQSi0cfV5iYeGcmvSWc4w=","QmNjwBK2XFUoVL/F1ZRanpQdSc9htoYwJoqWhpbnvZs=","RwKavokQ2Q+YVpT9U1DFyZW4q2eWbxuUwd1han85BuE=","ac+iuwL4QA16XdgTfuotVplkiMNXBgtNPJwlJWOL6JI=","4WTKqG9kR2/2OBcsXLiNQ9veu0rTPxri3etjcPf/S7A=","MbXJ1VW9E71znGWedjpopR4gGP95/0dA1QRb0GpYdiQ=","poYkR3jRS4jbPMl0EZk98Bmua144JWfPtDLFqiHm+/E=","9M/KCHi404jJflgC/YCifYX7uHYKqDZZnH8fu0bSaaY=","8SZpJ+OkTnJbUGFgv3O+tYyW24IbcoPxLnyC2/p3ek8=","j+oSXIWlJ/hwuAE9mUibAUc510Zqu0vpQYw18bsdowE=","ZkC6J9gJhFaYpS3Ehp4CcSv/P8QuSAufUDmmp4uIVgk=","2eVkClhD9XSyg9nd7Pnq3fo/wVt9q2ipHc6lm8T2nVA=","UnoverVFfuHzfrOxsDc5af9fhU8mXK90HnjNgiEGlOU=","5yvH/dMWrlpFOguQQIj+UpLlr795dvi6eKTloELGzWA=","Q64442/cWXrjAS69rFAkV7A7+LNsSE7Gj8fpEh3WkXk=","BzvKyK2KPzWaa/lDW2beuhBDHSZOB+/k4mpw/p0vOyQ=","MQo8S3dhUMz/BI1zNkdTcm1Ls/STh7LXoi5XmHeOJD4=","0Kb1gUPHjAR9CsfyvZPCBGx1uzRsAXFrAEnYefrsnWg=","aBdC6Ir+vrlFvIpEO8AZL0lZQiDSvLQNDSnFXgSxOrA=","LGuodPokEndzEflrM1TyqkFrv8rb1SSNv+ExjA2Yh08=","3vmEdVSAGugHBb5jho7w3YUQ2Ht/COKqMisbSTuKw4A=","D3qBMeppS3mT4yu0M5U9gtlPF0deYOkKJYuc2sD88MA=","dm/jWKONbIcMRQu/hhmwANkvtCBySy2YEQFrwXecwRs=","EE9n9ovPdVfIHrcb5sqP02cwpUj2Ksq5wj3cS4L0HKc=","z4zu06+aWlMdd0HCzpPGiXum3GtL8MgKgFC9HnyPvwQ=","lUgUeLhZUSGfepZjwhDmoHXmSQB3mL32VD61RmTHwD4=","u7H2NRfvs/PiPdpsNX1noiMKTA6N0TI6lgxmvaNDk0I=","L4dmX+dG0rRFH/6w+IFLJ1o59VD/1LBqSZoi5rsizhY=","f27qZRDDnp3kz3yZ9pivlH2GqaHAeQhCYNJZUm5Xu4o=","ajpBw0jiakceyxl+g2OcB0H2Fo9PvUdnuQKtbK5wcl8=","meqd71hMtJ+sP8cuP648ZIfEF/f/yqvNxM4RhMBFfBI=","fTS1JuS3/uFTpdlycconnEgdMdme+6ZSf78Inbc4zlw=","sX3hNLrCu+HwOTGwYljlxB7gFiZ8Zysb3d1vMRVYu3I=","vK1//merb4DpQ8dMjN1HSSwO/vPyyTjBe8Fg/fxuLQQ=","Lf3j3url3CA3urGCELTv458o2iUnV2HZxs+RfFLc4LA=","+WNglx36WqFRaE+DHPwz3xlJYK32COufV9Cpt84mbNA=","/LAcxebvIEt0k0c2qtHCPX4i2mbqkrhstfHYagrflos=","4NKy7DOntvxnSlTJZouv8Pu9sW3fOERUfbqUK+TyhzQ=","9lFXrswzuJL7lTDGWDkEokJTkTz8kFs/VATExDWGHOU=","rAjLr5lf58D+RO5QPt7YugyCMdk/dpBW6ffiGnuJ8Zk=","pX7kDkI1ut7hf3MxvhlL1X5wxy44CUhwOI1g3uVZEJ8=","jAV9hA7b7xVi2TkCAJc3ZMMhGF8ouisYu+JuRetPnT4=","6P+aNWSKBe35sBH4B5KGuc/mgn7EAp5QLPplnPZxSbw=","UViPXYGmEWOIGMKzy/zLy2Zg+P36SY5flrfLzDoT8/k=","g59wzbxNqcHNPMh6uWBLqiHD7WuBlX0MwBbGHglQaGU=","M5cI3ZlX8LzKlxsfnSG90boFY177tPgDsv9yfCXbQSg=","WKVKXqA/nDJ3vpJmNyBfbz5EWPoYtTFA0DAKLqlQKts=","QNy/V65I/CQit7KF2UIJtfkQfmzGC5l/F6mFEFUe52c=","12ReIQFma9V0F9PvWzlkNoP12VprkW1nA/QoHfdP4E0=","zeGvRW79D7+bkYCHQtKZfJ4zyRG2CypgecF1Hm4z1Vo=","p5ROHNLemVJW3PDPnfgkOe9/M39GcECQ6hvYCAYZV5A=","OjriBn1lFdANRo5bu+otsgft9vNg5/RWu1SSczWYZgw=","4w82/9Yt+BtLJdlguesP+gaf+P24sFoXJ5kfNctysy4=","MbzjzBXE0CLB3Gvg+tKIh+r+CyjsF6AC0dzo0p3gCVM=","gpzT70/ebMslWM9JJKnzHjt/jcGSzlnPpN5C8tlZ+UA="],"block_size":4096,"path":"extension.js"},{"block_hashes":["p+gJ+a7KqQRrcO7rKd06I9E3/Her+U9Ky+2nrAKsCCM="],"block_size":4096,"path":"images/icon16.png"},{"block_hashes":["f9mTtjFw2Gly2BaR3NdB6R6kJiGmCJIugc6UFa4bknQ="],"block_size":4096,"path":"images/icon19.png"},{"block_hashes":["sL8JtKjRghLalZtMqahJdGRoQde8KKvX0u6FpAg6OBo="],"block_size":4096,"path":"images/icon24.png"},{"block_hashes":["rgUKhJRuHtEGtlDfxTXjhO2g6sLmGtceVuSiOWeRWvw="],"block_size":4096,"path":"images/icon32.png"},{"block_hashes":["bS4swi0vkSoBi+B4t4yD8bvDzQRixduC+PHiFjCiaGI="],"block_size":4096,"path":"images/icon38.png"},{"block_hashes":["tPsqsWZARur7QA0aR8HHSvJl1zrzBM3h4bLr65fDl3w="],"block_size":4096,"path":"images/icon_blocker16.png"},{"block_hashes":["vmCwcDeE1ySffV+Yg+BbmN65KEnPkSeqfhOPhOI+n5I="],"block_size":4096,"path":"images/icon_blocker19.png"},{"block_hashes":["tC5CznDFlUIqi/v5CshsuZUnRhbNeyJ9CNiZCG9gktE="],"block_size":4096,"path":"images/icon_blocker24.png"},{"block_hashes":["GZ4qt/m3+B5u1ENgKXsQGlpsNbtBua1AnvEOvwi/OVc="],"block_size":4096,"path":"images/icon_blocker32.png"},{"block_hashes":["yJ76h7FOcHlvChhmEmgXDed5UxCrYNoUjPxjSezb480="],"block_size":4096,"path":"images/icon_blocker38.png"},{"block_hashes":["7dMf6rkMFcGeAY4jHw8qB7/BCPsMftT8hKomjTP8+Lg="],"block_size":4096,"path":"images/icon_forbidden16.png"},{"block_hashes":["q/p+JnjNPQIEb4nvyFfJqrA+cQW7Dj1hVkJcM5Ziax0="],"block_size":4096,"path":"images/icon_forbidden19.png"},{"block_hashes":["P9nstB5lYmGYhwIKpOdsJ7wFp6GNa2gdb2eguAeLx54="],"block_size":4096,"path":"images/icon_forbidden24.png"},{"block_hashes":["RuIxS2DL9pzy827Oz+7Q64cYyQ954s8uHWRe3/1YdxY="],"block_size":4096,"path":"images/icon_forbidden32.png"},{"block_hashes":["8sr2zusElf0GBoIjkS6K+9fE/a8RoxNwUXJIV4Li/o0="],"block_size":4096,"path":"images/icon_forbidden38.png"},{"block_hashes":["mTC6sq1YE6tY2w2IQtc2yPfaNDcNF1zP0zNDvjY+M7U="],"block_size":4096,"path":"images/icon_paused16.png"},{"block_hashes":["pMjmFTcR2lhVPp+ApOoh40V40ksiotBfaCfxQ8eY4+w="],"block_size":4096,"path":"images/icon_paused19.png"},{"block_hashes":["VRunWIey+SNRgxN08K80HA6GvtwVSslv+KUiWMyxdYI="],"block_size":4096,"path":"images/icon_paused24.png"},{"block_hashes":["X/47RhF4V+DGnL7EKaoq1cV9eZjLI2m8kXowC9sc1KE="],"block_size":4096,"path":"images/icon_paused32.png"},{"block_hashes":["E7jBcsMJcBduA/tcZxHtIPC6Z9hPB3bLueqqvEKcWm0="],"block_size":4096,"path":"images/icon_paused38.png"},{"block_hashes":["Rxz+9hoL1iNjfZExrEaYlSADHOl7WLwbTbokf0/+2fA=","PI8OxiuDz4LO9niGl3uv1ieRCgEFhi+CbDyaqlMAqmE=","N/lcJXUDE8Tcow6GnvmXvzWITL1Q4x77pT/iCeA9qjY=","Sbjjt6JHw99u6QCmFDrke4mkcjfFp9hafpO9TL/xvGQ=","Jmz/uOWgHWYm75EWvf+FcuNbT/JWWEe7aBwlMswnRv8="],"block_size":4096,"path":"images/txt.png"},{"block_hashes":["GSpb6Bs4ASJ6Ivxqm3yg7GaBFwkPFUEdB1Cll/IRrKk="],"block_size":4096,"path":"LICENSE"},{"block_hashes":["tF02gCdEVWDjfQIqTfv9bU+3J8XqJJgR0DO4sNEhBlQ=","RXYpqBvc1m/dHmE7c3lvNjJdMuFOwcIsgcBfTIKsfog=","UtOTFGq5ClFKzERHtskrgNO+xMrBIQiTpKJb4Owev4Y=","N7B+s10hXHHiWzVq0jeBh8CpX06K1SrgIYCAZMxJSGQ="],"block_size":4096,"path":"lint.js"},{"block_hashes":["xhZcJRt6COjQtX3T/67go8kQRcwQwSxdcKkp2WUPeiM="],"block_size":4096,"path":"options.html"},{"block_hashes":["r2raOgS4O2ePCAw0Li3HA3HXX5TBAu4icr7KI0iFDU0="],"block_size":4096,"path":"rea/action.js"},{"block_hashes":["TMgDNVgdvY3pVJ1ZlqRCYRs96pxAocasKh1tXjsaSsY=","XRSQun95LLtjijSUmLsloRhAWiwslWMmSZOfoyRKUaQ=","nXFMSSyDeoTGzNOZCQXSRALufynOZ0xXPeCpFn3eXYw="],"block_size":4096,"path":"rea/background.js"},{"block_hashes":["qgfre6uzCVr7h8k1bQiXwGP5lpcxULMcQT+Q8AwUwNo="],"block_size":4096,"path":"rea/common.js"},{"block_hashes":["8Icz1scL5GmXcRGVlY/Vk8AONZe/6GIwsj48yCPadUM=","d0FgnrfevJMO8zj+QHHoAGMctaS/m4jh5FYIxSmzfXU=","WrUHjalO10kEiueRWHRkZQiDTZyRc0QHEtY0lnfNmsw=","QF5kALy6u+0O1E+dSqpycTmcZ06mGBpKp4PemnJeXYo=","DQ6Ohr6cWh2wPnZYMvux3m1mv7RhY9r/gcfrv80I7u8=","/3Un2rZNEa0zj0SrPuLyMsTXTWAJ4QdRBddGpwMT234=","DgvdR9f1zCVzc2xgWH6jmz/W9Q65wI4lYw8uUXSCW98=","Qwa9jLkgFRjeDzdYXH0USismg3WjIDvBPWVnWPkdWXc=","R4ucCoVsUhz27SANyKh93zWkLpuZQeo3xck8N0tMvv4=","3qimw+vKGYT7O4SrS1uxEWeG2MBVxUKXUL5IDpQHTDw=","crseQ3gpjQatAZtP6lSQy7FT1ygZzGQGr0uNeK9K078=","HeBsEjTvEjtVMF9HTHbOFbIdkTmbFUWmjKiX+FFN1rM=","1cHp7IuVEtj3dzXROTpm2qOhLk26ovMQAiiVrENIxJo=","mMcjhJovBiyr5kZ+CgV+gOeC8cZBV2Z8ZJoR1baZBDc=","Utnc63Mc/Oy+OjKWteArW24sfodXTqUR8JKqffOKCkY=","4MKNOEH6wGh5ISN+TLfV1gYRGwAL0LyZm48OLiYGCHU=","OD4ckEa6OoknB63JurLh8MSch9G5gZ/z7WFkl8SXR/U=","6SpejZojvkMSHQt1nM6Gr41IsjU2PXSwVYwcD5oDYWs=","l5Q0X0UyI+NsmHKN7RxGPx+BzPP1KT+bKboUqAeZ/+U=","mIqPelWGYDVxy6fyEF3+/NKiBTDvVqosZyY4WsJTdzU=","qbCdeyWLsVPjMQ0wSCkH2mjocN56E1CH8xIE/zRg2/s=","atccfUPN4rlKVgQWpYf3cf48StvkOd28M69jc53tgWc=","xx4fGWpSPMCBiaKhzMV5k9a7CzSSxDDs7BVih4XTU5s=","nCAul+bhKFYYUMQJSjXunK8naktnVB29ue6r/JKSyZo=","p4UzugbcuQYEzXUEYIJ3vM7leYuu9gLvNRXzdY1nSWI=","4VWoUKww73kzyQGRZ08HI1cknlOaKtlR4dbnbma+wm4=","WBBrAgG59OqMHaHnZiS1oyyLC1/B8CsjhEgSBvmWvMA=","QGZgDoxz9XDWtq4LySXy+XDHYuDj9c6sZnON9ps1iw4=","2KxTCI438PaiZllM2AZmfEDWDWmzcV23FCxvS0pOGk4=","loiX8lE3n8VCu8jeFAFflqcL0FE0H05oSQysk/T334o=","xdXZvaGFSHLXBlbFTXUpXcM2OeoNPzuPpJnbJ36byyc=","09xigtbj9t6DqYzik67Ri8W3ng614qk2MvXrrCFeJj8=","WWxr1rnRqfVYW4ogsN5JUbzA7ZNyd6Y2Pn34XySKbGM=","vvzas0NG1bTvae3bXwkwhTe7llHOWSvPrx3tETTIDbM=","HnNwchhxNsR4E+T916dTdEhxNcYW4R2M27uepO57V84=","ajQAiZb7llvGWUnFIipHR6ZW+Znx/zNpp4qigMsGzks=","6MJL9803AzEaFNTbYbZTe7jjH01+m+MNliyX9WqWKUs=","YOGdzJ2UVq2bkBz1JFtYNyoxzXD6ZnolPjuCO2TDf9Q=","I51MeN4iY5Qrq3ATrCcvhtmCzu4GTruwgbmS1kll0zw=","Mhsmgjh54FHBLEY4R9bxhDwR5iaDgLa2MD/ovA9SH08=","WXzk5hWdzf5KuoLRrCIhuuzCNjnh1EDTSRlR+yGwxJg=","r1HELu0LvdXFD2XMFed6UW6oUTb1YzIeqSbMpZvLqR8=","jZmyiCq7Ggt3izRfWcsGdHnagWhlkYl+mhZ5twWCWnE=","Ex+ft39UhpvkrCUMvOpjt2CkiF/sk626pxkf1zSsweM=","YMTXf3RC4qCeAS1/YYHI8WC4NPfkfb80xRjBmR4NobY=","NrCRn66RIpWiJlKq+dLOHPRGkmzCsnqroHwjQpfpic0=","xP7qm5Oy3nGjYSPmwXyR9o7mWCoAavWXNSmbUqjZmxs=","7S2p+RMQOGkoCQvLXRi0OM3R7Y0ymU268VHKWwmsQDo=","PziVFcf+nVz/f1uxqCx+DeIEKboq5yvBSRgqTc4XcCE=","/SQWMyIfHIcx2DuLVXXT8X6qcbyEVlr+AozeiehxkZE=","smyZmD1wwawFMp+Qp3MzujqIkXVjDot6U1+F1cq8Nfc=","C06fS51cmQKjRjw+eNWSyDhsPESRcawemmzO395kCiA=","evOBaNvuG8rZ519H6ap3e4qelpQzUs2Jk6JhpKbRVsU=","0SxKODvNzxgU3LURYZB+WHuvtue8Ch8mmMj/INVl75s=","K6BGMYs/717C/n+0ubvtALMY+1ITAbdLGc6Xqz/LpCU=","m1MXu9zCruBRTPsaGl7CiAFpQRbpUwTsITKmFGxlKEQ=","g3WIX4ZKIehPmmOHApoaoKegHr8wVPgRLzYYXwnjqmg=","qFKsMo3XpRmQPMD9wjxYGSqlC4oMBBSVwhgXw8ETHMY=","HNWAMgT03M6xAHOTR4tifYCYqE+lMKKHag0BLg3/X1I=","eX/iv3sFHY12w2H3i3B3QRY1NKJp1DGABylSU+2Y3sY=","QPLCUffu7zrOF2JI12k08ToxmVI+cf/OCl854zeUwa8=","FEgLBTCruWHoZT1xK+M8PkxB4OQZsiDU2i2dOAo2ndg=","KFu6WSKZQY+QS3/ozsNIrDtCFGUbbZFZQDo2Yzo0zUE=","76oW8r27w3+PZAR6ifoPAGAleCzjFME9Vujofa/5/Wk=","rby95TmTasodkfMK1jgbmrR9hNkOU1MUi4Hl1h+mJio=","y5SNj/VP/bl4tlG0STxqV9mSWNqZcjATd9aFuqZR7CU=","W4bzxNq6eKp/GeyD80jHe49e2QOtzWVe+uNZHp906L0=","YVZOTh8P3MQsrqTE3MyLdWdUX+TR4njpJRb9uA2q2XI=","ogE/bZ3CDd9qgmCxUWZYCIfeESxTqflz7WGgYRwf2xQ=","rI8A2Cf4oka5IUbAqva2fXdVanHJk+LkuabpA+Ygb20=","LeXL0K/aZCLC8Mo7umQ6fCA4mim3yK/Ec3Y6zvE1xrM=","MS2On7xsiVqi1GPpVDVY6yfr3FzB1Lr+0Qf3bRDFmKg=","PGJFsnm9qMW1RQT6ziKvkBQb7XXYCSMHJhhYZc1aWuE=","i88mnQ1LPsgx8SItSkKLdEQPMChxRPO57Y3fTLdTHLE=","MuY+x8rhxuKQXMUwnN8lU1qHtVVoLOEBhhrifF6YosA=","gdKAI+I7rPhbc1ZBb22mOiRTLX/gnx06RecfBNt6cf4=","P8s/S5nMnoctR3k4zn16ygpD2VqCy5JqUitLT+O7APE=","Qe6CbTx8ekAer4oiVlZrPnUxn9E+OHDjzW/vNDsYi5s=","YzXQqKifKXZcFAz2XNwYEvizFl0azEWSlaYfQXrBvyU=","msd6het1kTibKRpyYB02rlV+6sB+Vs8rE88HZKaHeNs=","y9v1CUBEoLwm/cvKljBykPQRYOxhvojHrsVDn0jNkmA=","MiE2qJ4qnLOgpoiUtQ5hU8YGY671YZPrfBGOI4GAsWA=","as4/bQYpA61pkhFaXLizdi9VIIT6MsxeID2UsqbP0y8=","S+ksA3mogbQ64lSNa/J4XA4SnM+RmiRYAmS4W4KZByI=","QiNmQNdT7YjEngg1RfhzLlqlOfN3dG4D3VcWFg6SgEs=","bZ/6rqq1CpMXrjd513104u8cux/IT2xyVXpHgSx3NfM=","GnGOu2qYNKZCI0fB6rPbmVBcRS3wC78zgkZUf3xHtgQ=","d/krpVeZMaDr6rjnuTvJUPcEQ96iDtGU3BBrYx51zUE=","1HeIF+NrSqf8QtNyeNXxR1ywYombxuvMRFE7uUFrGI8=","dRKkOqEl/gjFscpvidlolKdElEo7RtSK/V8XiyE2MjA=","TJfkvyujWEEIyuTcN8FaG1+qrJSx41wxj9wvvZ/CPw0=","Hhf9oGO5NnX0C4jHrkQB2FwyerGrsKcnVULdR9cNmuk=","qT1TwNocPUeoGn4LF/RFPtql9YYPDYriFA/JSPnHWos=","t5UGMzQSfifUcU4Nruty6FmOcw7b+tGODN/j/EpcGXw=","UPgW7PKLA0ZEkieRCpHUG0aU7mKo124BAAadBAp08Fk=","pvZpciOHwAnxX9OaLRgomnOEKE63LumGKG+zE8pAs48=","jyQZTRLX7GBMMfOylaEmGCXxhBaHzmJy4DYnb+Hv8As=","b8WzX81v9CifJrJyOgzlSlhp8u1RsupLJoufuEnntoo=","R+MB/b1MkycdRc24JRqmwjZ30xtcKP3oRuM1W+0MCiI=","DkXlSpY2DiRCm7fbxXeTdUQe54t6C51a6hQfKe/Gn9I=","cXYldagLYpL4JgJCVo7nmxCKSs8cbj0DwBlnFwsktrk=","1ZVEbdV2MjBFClNlS2RaG3i6Af/ONZa7V7uUrli/HiA=","SCn8rg2GmxPK1wQ2c8lvcE6lBTtirjdsL9qkSsrO7KE=","/L4zrV4wWvLAXYIScspy7DkxzwHGfKmL7YloB+eBOmo="],"block_size":4096,"path":"style.css"},{"block_hashes":["AbpHGcgLb+kRsJGnwFEktk7uzpZOCcBY74+YBdrKVGs="],"block_size":4096,"path":"test.js"},{"block_hashes":["duypRqc3hreC7GWZSW9oTO02d8cSP4F/5rfXHL2++6g="],"block_size":4096,"path":"userscript.html"},{"block_hashes":["hfBv13jbI+Igh/CcZ1Ufe6CaB47rDiQ45HxJV5JAcIY=","G6iIRLdJlhvXWMMscBN4cuB6Q50hLwvg9fOHC+XwT7Q=","kPrQGyeAuEwJxhKaqC8qbu6jgFXdrFXH0UMB44Gj7eY=","rEFmHunHtE1x4fs19H88+YTbAOec9+klx306JBXtKrI=","S1AC0DfU0gYK77NbnkBJJaoqdgJFGulOvxYYxtyTV9Q=","UqgkpTWZlJUyLhxVTkeVuc9laFI/jHgxpl+UzS1B9z8=","/cb2X6D5esXMS2AEEDIuIM4bd/j24sUVXcIdaQaJcb8=","jroJY1/Dk9Y0bCiWqXqqN3FRjbAe//fka7sgYWdTUKs=","kojH6io84KjEHphFCCOcvzq25V0gVorh5WYmXJvMjZM=","6+Hjuev48bD9uQAil5tAfHIEMyHEtpIXPLjCxC3A2kA=","Q/feVaCC4xM98JjjEx+XpPCDqZ6Rt5edlMEr9cAIHhs=","sz8UGDYeOUYWgjOM9fkK7AhrO/96bqXKWqK8KUYXquQ=","7sQvE9NMDb04uIDlC/Vdd46DCCMT26lLc1SYf/kdIDo=","ajhfasOl57lMIlcoyuHmk+V+A8Mp7E2AL31wf1K5jTk=","hhiEC1F72Tg6UDrKkmpQoEf7czJxRQmzY4lo7HBvnT0=","b81RG3wH+S23qmYxA5pISzsy9MWGjBMBMJePcbf/XM4=","U/tuAHDRwh+tJuQt59GHTKqasXnzEe9YduNy+H2r5Gk=","HzFZN9QZ/NYID0TpNMJVHnQJMA+PdLNaOQE1KJ5CX84=","w2iJbaUxv7wv37oobRjMK0dLpHCGW1G01tMw8KXVAwQ=","jLTbnekRzRGYQF42pYBRWiJanx1e5SWcdQe+6lHHoTY=","HfNUlwZWW8u74UMSZXouLIwi79xHaVBZb9eaGzO/OlY=","PCa15vEPy/mwIym2VOKYsC7ay7FK46GbRf737rkiCvM=","chI3Mm9U7A7IEVfsVkV+jq9sWGmdpo1dRdZMo70dtUU=","pmzVQjrstvmM4Q21X8pq00zVB5B+n0CwTvmGRf3YgmQ=","3B9ACdk7IJYqjGuQsCawvZc2wGka9PjcJrE1Xn+yNOo=","rvNBxMLG93Inui5iaPObRErXzogDTPp5R+GYE1fT2jQ=","W9BkxHpQ2JoyeceoKgL6Kg/Yi2qW/H6kQkj1bRMhnn0=","rJoLXiHS0lazgnaVCfiJPT/byOttIN5nqM42U+rdzH8=","ugyvDww+IB11LFSQtQ7XiT8I+0NcE1CNPPt1b9eOuIA=","ziKlkEOv8e0s0IkLcB82Bd1PI5c7DOjGXu1xo1ImsHY=","cx/MQB3wtnawDrMkdQksQ5cYo689ut6AVG/CXNhe3xI=","XaNrCdEF8Y7/JgQ9k5zjCkCjwbSO4EKojEuYQ29HzeA=","2OtqvU4hhcL73PufL2Ckh8hL4fovuZB9SuZ7l2rrXgc=","hiZGvSfz2GzmZG/4lPKs4ofHdLppo5+mz6hJhcX00xY=","MhFkyjSWGt6RmklI6PxZQTAn3OCE9RU3iLPlBwFs/YE=","j4Cw/gnxBySpW2e3jIXE7ethyf3+R6TF+fKtsPj0QLk=","VQsf6LSVq5VXK6W/lzMfue8vvk4UXkJBVaAX4OVgdsw=","S1NTpAJSOiRaMeyZHpEv57XRGEf+MiTTg27nQr4m6Y0=","RrdTrc4Jc2W+hW1negPmTgS9sx/YxUQq9I7ZsOg0/T0=","Iq7MzUHt7wkt8FPUayPy3/ulEz2mYYBDdNiLGaQqRrU=","JWepbgi8yqGEruwxyMW6CFhZyJzu4b8PV9L0hESnzpQ=","28DPfY3hg/bS5awx/vVuIPrVBdVC1UfszfdEEqlXIRI=","hsOyvg60wOrCwJlUWh7SuNm3LN8jjsaN8tebnTmmngU=","FrtRbeaAOtUuKaTXHK+cQrCxp4m+HNcqShNEoBLojfw=","1fMT6d5cLk/jQcIvzgshnitL8TJToA/8eAk32R503/4=","34Y0i0GJSVSFA06aMwuKLtwVXoaPj7/KgmuCuU6uhxg=","isF6jUh7lKFT/s+LqnTwcRdCcK3FsKqBLK/FzWKSgWw=","+t+v+CXaym8wMXC+fCYM5B76YwNHwQX9nd3nU9tXBEg=","7BrvVJ1S+qjFir8Wv20mP8Mb/0EWIVeqoC1sxonzqV0=","rOFqWso7tu1Nx0vBXfZ3pHtLJC1N5I/ooBQQwzCx2qY=","GElWO//1YppO0dizEiWulfnKSFez1suBn/C07mCIBes=","5BuBbGHLYjjqcmmACC5VXeUitlZ4YHdZcahPDdgwWLc=","zRA7V+uBeOZ10leSCxuw/NH9nTjBTw+ZFCLImHz0rzM=","bNWXsqtRpBLESKT6YlcKfftv04WLk/EYv5XjeMVWA28=","A74OHk4IhzXGBVKm/4eCkZahYDOyOIwbUISKutTz1KU=","fiuhBWa8gvaO4N622UVlcrbceuz+SzRaea8NOmmmTeI=","EQH7X/SJI83ZNDd8hkSTMmfmEhhLPpl/ItRxzqjt9yY=","xeT3q+hTXY1krEm4OUydGWBPevNKxbba21UkeKDUu/k=","caNRHeJXztWkJanD1GQ3vSgUdeus02JAT5TRo+Z7XmI=","tvDhy27oXa9Hgvbp0iv+UXVFjE0B+VKczm32MC9Hgbs=","DPn/K2rO6Pe5CNuoYtNPbR4yvSjJCzbihIK6Acpzb6E=","zW2q7jZO+8OaENEruikkED1b0phPCFgKg1pHmbHPWMs=","9IMcLIgDgcHLilFNNZEVXaoRmKhHvqNhPBwRx53JIzo=","dfrByvIEYiEgitEn21/JuV0ft8acZhaf6oCO7Rw64E8=","1fqk0xNYoKigQNoRHTkUWgcnNDYh9BYsyFd039F1OaY=","fAXa0yEUQHeAS/WogKfGecNxYbbBHtDx7UDSsJFUhfA=","fGIYhe8lFmTBIMLjps5/eQNol9L+u9zSqthtwbbmIw4=","p6yq8dePq9WA3bIhbFDQMfw7D6fcvc8YqdejY7K0+Jo=","7Ms54bg4DX/sXw6Bm/beAQSJda5PJjzjWvoX95WLgWI=","3YVas1n+tatiiY7YR/MG9J9jNE/EeSG+L1HDe8pS/hg=","iC9Xk1xJZAEK2a83wu6mvBpzhlU8SarMTYsH9465kDA=","UOIA/xG2XoYynF//i/sNGtnpp9rLVzPv1xPdF11PO2Q=","K5y85PGzIG+Ido744wYuzIfnZG0g1sktHqzeJQYNMWY=","6/TAkXlUiYTEVCfobJtVleVcR7yKdIUIEKXq86AZX9o=","KK1xesQzu/ivvKXERT4CesCnCvtnpe19elnMXj2hpCo=","asJqEwuwNY1F4l/YCMQW6+nJTuW1+7enJO4wGJDwFng=","DqZDVdiGJTIK0TgpYU8WoDpK7J0F7FDlq0XK5zajc4s=","KS1LCbekQ2OuiQxJILeitdZ0UW3Xy0qHtI5RdfLbscA=","R8AXzLph9J3AtOSut/te5E1qi2kpCAtOOXzYePiK1qw=","nuvjosBqKp03dDg2Pns6ty8POAC4B0gh/z3DNB4bHAY=","c1ZLJSZOMpULw/8CfKj5HKbNjY0SLKKYW+DBGzfrk7s=","CPHwpSPqWsqztovsjmiB+6pGQKVmQNdKVZ1FdEPCpfA=","dD+i69Uocu+5COtSnetFjWt0oVXgHRIUrvCfrQhAGdU=","65XFw/FJgB9TVMTNoufJSfCqv31kFXLVx1aztYFwMWA=","9EG44pEuDR/LzJMtdMGv3sZA6OgebEyDYnpoaF4W3cg=","sYDX3COcSy9F7JdvDdYAbjj4hMGtVh/2oF7iapUH9i4=","xl6UStBRdXxv0RcSEivqZTA3M+kANcC9Nyh1TkVVJsI=","CxGTp0lkcP0iwknTD4wSXfCdsT1OHbc5zkuKUxGMWG4=","8FPPwcIrVMnpeJNLs6Y3Z42MM+07SXz5i3eq2jCggOs=","KbqbbRp6vkgV+aHMkrnPJMnEFTGrx6ldys5UWNlveI8=","RyiIecM9zgADg4zZiPLkrzvQYgrdg8ddfTApxLBAiPM=","pDiBQ4FpoTgbIvNMb7JIYxWi2C1uokOH6ibNJGOFERs=","z4As5Aq7nlV3zmhazCUoIYFtY2kLyh2zr26279k3oCM=","hrVAtRdimMllznL1PmjUQehcoqxrN4cT0p/vt4PxzgA=","5tih0RKh04aJrao89Ww66K0HMnMqdpri9hHQIsTD678=","5QDIE66cHTuRRJjWxMLhn82MNBf3vODIzfVVNUK8tZo=","t9xf36CJUIFdKJxfjegnLqYmDAPd1S5gQPG4yMqxvvw=","qKMOBGSVxH0t+WuUohAav6fh8FJ4oNkKmw2O8Olgj0I=","PAfNMYvSXxIpQJFFEQPz41YRGfP1kBDABE82uSlGgvc=","joRNc35VrnYR3vRi2SEoVLPUlKWZc7jqrYukeTgtu6g=","aqvZJRcT50RKWW9dBf5Olpzw9dORbiWmCIwzADhfNC4=","bUBqtbSE0CmvGL7OWCArKGVr4PLWDgCCgL1VfF16fmo=","HgIVeTKjZupq6riyYmw8X4vsUs0DC2aFIjjHluDi+aM=","eY6R6KGjF2Q3GELKBwgu34CFZnKp+e1eA/cmHFIe8tc=","r0BOY4Nn63sex1SQvnRD0RVVyXXH44A9XZQ6iWb+CTI=","dCKtBKBcLnav28m7sHSrbQoHoA8pCSrauCvHoRnYotQ=","zHabr8U9UOe+16A2gKQjyJBP2e28RktWdDamcYeep8U=","7Zr4mZhVlHORyxDyI9bjgRrBhj8Beik8ZvAxTyKO54c=","RsHVYv7O1DMSV1TNRdc9gGaPAPf6gw7qkgWrIUUHdY8=","yRX32VuojvvKdx/xfCBxykHVd7Wnlw1DXXZO5gijC6s=","IcRHG8e4Bh61O1+UKEfXFT7vMPwoy3zGmK5cQ7wMTR4=","biNagG2PsxT1pEhH2hxx8uMFuzyKsQrN29Vij5xU0E0=","RRzpskTxoFXocBBosv2VPN4OWyvKKf6v/eAIJnJdy0Q=","GdxREr/mwIMM5DvSTELQmZQk2358AaYsrDuHPMbZF0Y=","DSCZmtPh5BmhD6SkVJ/NHQyAfJeBWnyQ+1UTZvFWcUs=","x2fqKlbVt4te1fc2rZRDGE5M+eomizpLrvbyY/4pF4E=","/2T6AogSC0NGE8HBcf3uPQrVYg9SwHxXjK0NCAHwnPI=","kPN8mTpL8g9uwjb6c9uzdoliNZzFD9nrGSl3HNWbHJU=","aJ4NGaRsL7cyzOIE+soTapomCOG4IaPnfNjKXhcmCTc=","mlEbu9ilFWtYULK73bfhoGql9GoyKqcyvuA6DEFFAHY=","CwCFYw7wk9v5sYwvtJICtMfxTRYcdFOG5ZUtSUkJ2fY=","yNnj4+BwaCxXxuP4wfRWPzs1oxbHbjdlYO5bom7TxIU=","MLUIP2Oyx2w6DoPFYcbIqoo3r/YtYNDwjSHzAuFf+zE=","Bze9+E10tK0nfJm9elbiK2c+CBPMcHMcBr96lJXEDiM=","eC5fxttdSGgUHqbi9hEugNasg6BHKKdqLmKv42RFOXg=","ew1ypww09xunFuqoPzFSmQZTgyT3qZcYSZ5OKdxx1gg=","TYm0LJ/iqDp4PkEVuqBXy5FEauFX5NUV6dPa3BlpM7Q=","1u3YYhmg9/NKCswesvsGQSCFzhNuLnVdzOBjvD71p3w=","NA7YfFEYEsqvHQGxlYq0rGggIYYHyatnp66yftUuepc=","TrVZvhx/EbT4XOipaa4K6wcywiOv+4fw5+/kIEPwd/Y=","qK+sp7ydRB1pVa37cgI0IMBjEPSBdIu8EaYPpDTiU9w=","5bH+9zQLaXZV1cFjNdRlhVRnuHVygjXd7lq1e5IlkAI=","zgQ4IU3s/gtZ7TTNcUWjRT9hz9qAb/e0A7R1BY9w5dY=","mFwkGbF8VOu3Y5axD07NoxjDv64Zu/lwdgL2dBQZn/4=","95DbbV+MPdRMHUqkFbm9VrTYgRfIdQqREr92x/somuI=","XiOIDLzzVGTHKYFpiMfz3F2Og6HfDdHSF8L9Ti7GR+I=","xRyJAHXhfbvIPnJkfOyC+9db9lmOvMQ0Agh0zNH5df0=","TSNi9BQqIAkDnx58tsQ7uc3QUtpj2UbZP1dqZSX4+K4=","28VyfwdhCiVn2mvOKfs2Gq+i3zs+ICrvzm+UNr1WZ6s=","KEj0a/MZjMgWHDuvmgp9Hr55P9iCwIJJfgxvNSmslg4=","TpTxi+pU2120ml5bq2060Fe/iHM6a//JRDIwPVGA9sw=","YOEC4dOiQy3uW5/6ZAynjaXf4iAqz+ejfrM49/3Nlfw=","njrW1wHWmVplj243QE5s+cUuO2LrH8AQ6dGBExM87/k=","r0I14nmAymaCWC+rsPLh10n979Q5gVIGvvT4Iq6C2Ck=","PDCyO2sfdhummY4AnVyozciknyeMq1z2yZIJZYL36Go=","3//hiAgzTvoZg38pemqTmUGvalBsYvKUdbb7X8aACNg=","hJh5812gvNL2nbycxalY+o/uzyaSOH03pZogGt8xAWs=","jR8iXP1XMH4ZZwhL/rdGJWvKvI+W7AQ8HD+rfyOTzTY=","fI3dJwz2Yq6iCZZtZmoasAJtFIfb6+KpKatpFYewcPM=","xi/Sl7iSDJjXaLEhWaXGMgwVjUO5oeMDuzXz0CAxt9k=","7+zBkm8F3dQqSLl77+RFgb578Z35ewa3P9aG+aRL/V0=","t1wdwHjPcq3loXYFLw7Tt2dJUDVmyIjP3hMLUc9MqW0=","SCh80PQy70JCI+HLIxXdxEtcm6HMUdM1KQkqAKIPuKc=","JV5SJGOTpIJi1frdwv2BTK7gZ4N5LnsCD5GZ5pS6N3Q=","7ijzmw+ysoEZR1dWu9AXgR3IK3CWXyJPJ3NpFIMXBbU=","LKNZ+7dNy6h0hQKngQkwrIiEC5c2iZSGZ8dLRXoETLA=","Un8ZcUoBVQyInjYmKgL965l3fReYKRRMKe9wgAKP3cc=","grRZh3nfa8SZZlWGv+aXhJWv34ZDXKJ+lGKpqhNJqzE=","JyDWyONDmXYSJQ74Auie4splLGzhBphHC0jxB7UhPyQ=","q4Li1ffi3xeLVp6L3sUT8OLyLbYsBeufX1+NIDQe0jc=","EndevkFhlOxPHD57oOs1ija/zoLRYrNbsz/J9rw0Cdg=","itUPWDQFooUTeU33Ac7NpegRiGtBXjgeZ0TVRE0yaGU=","RigRO9USsxNPhoiEghOnLkU5CQg+YIi7okcOyhNTyC8=","KkDwSBqxRm1zVVj6buYBa/1sM/27oRE+Sanh40TnWhw=","m9+16zxvxTslNE1xeN/SEqi2FMGPAH5cjwfNV5N3Cl8=","s4omxT+2HGw82vaLjjuqMTOcmjMpsRHvoYpvc1wiT+A=","SBKaL1IdbcdJICk1yxUjKXWYjS07LOXR6CMzZiPbrJk=","pfHebX2skcOyBP32ABh5GO6YhiILe9rdBvlyC5tK+FQ=","LF/GBpR2ylRKETrqiXwdaIusJWRw+YPikvE/eRGa86c=","hVGdpC/P9GOXdclzitKStiwXTLBBYfwfovrcipW7mls=","E4/XNOCcvWMQBoKx4/OL88/XSSXdHRTBvp/lfHmHQfk=","I0mfr5hn3YzDGSTh1IDgfVwXMxZmsiSeIbWoYwa++qo=","2n4DZgCfdkjL6oLw1KpX/tNk8EXPNXvo8ZlUsLvFJXo=","UQ9RmKwoYHcAu0esMQzYV960r8z+i6uzEJbbir2EM0s=","toyMTPO3cYyOKG5x15mpzWqipJMB0HI5ybmuUvlorLM=","/uKgVbEGShgnW42L0H2c4jo+jBJxnra+/VttfLaKoaA=","1IfagSaSZoGVKQ2j48oo3tLKTZ6fTVSFJAEoIXiJgns=","SQkeKXi6h8OyFmw3V2Tg5nyysNBUDqNkUd3f+e7jWOw=","7EAMbWBM3ibxzVDOcVrbuSkr3vEHiGwh9XoNaMnQcr0=","Sov8OAfrx44H3SwR+sRG2qeSoPTOoi/HR5KpnZYln2g=","iQEYb6vjkUif91GVJuAh/RHcZdZ/9lukV/S/e7rvvHE=","w9UpnRhNJpeNT3daQ1D3Y9k31tmQvUoIR4M0sJct7sQ=","NSkAklIVbavuL1aZN78U77NJNef2fK14goGA1FZKPuI=","Eyz/4B8T3FbQCd5yeCo7a5RI7tTsr6xWiaVqfwQJy4E=","rONMyzbQaOMUfmxhiN/Xn3uUrEL9ju66Fs3rqoJWxZI=","scuaveYg2lvQvoQY7qfpSDqrihAXa6lkP02EU/WoWUo=","Nb/R6OeCdRbZO2Tc8v5upP2bQpS1BQvfmYC8N7QVrtE=","/YjG2CyaBi6Fcjrh+oyNlZtnl/k/D+LE20kqRnXv7qM=","8iykidqZn3OWQrLS3Se6FGu/7m4BhgOI9Sb5koU3Mn8=","Iri/Jj84yztQySaD7o1O+EJlF/Hf2KeOd/oD6+0wRPo=","EfVyUF7cTMO7lIqtcTGZhTo7DU8fHsbt5eNX9cfsv7c=","nIPmByN2v7srdpqmn1nCsePLj3ny8ISBHRy/B9kWEQY=","YxmWkyBxjHDYIB8B5GzuNHDjp/zi5Rzu3AO1CbA6kLc=","DnFvTGSR9CdOVPptc5VCiJHOdTJ65+gu4NidTmtmyP8=","pNoy7Dw+r40bcdP6OQJKivdQfXMKEQjgqmzLVdiNsQ8=","OOpGFXW8NtxbVo7riF8C8Ugu8+uFqN6K9KF/08igl84=","5ZyWOSSnT4BZuSBh8jei77ENQ7gnk8aug3W5zfAkX8A=","2TRI1Y/i/Dx0AzyaKeBqDtYeyP/D/p21oaR202I6ul8=","ZGZ1waexstsqs9X+ucZt/xJBHmw9QIFiPN7LMdNW24M=","ciGSz/zEFuPNJMoNXI3EiZ3bpIJ5+IcOD44f7yqvTPQ=","TAYExhZuKX/GV/qj4hjY1Qwe6QZY74ElYdDtpgwoOZk=","5c3V1e0ry5q4TAafGABGNSmf7A9J8GJUlpFy2tE9moI=","pTMxuHTAriI5ZvTxwnu+COlC0We9nlNCrPUzXl2er/U=","N7Zo/OWSBpNINFl2d9G7/0p6TnhNwB9lW4tspnz1NtY=","60Rt992pdpYLqLYmkBN6ULiHq9pYBB8NM9ZL48Y4Gok=","Vc410njBYYGz210fCpTTGROyuh3SQcbJTMIJzUMGwN4=","/a/YbsDDE2Hcl+S3WHqluPpfgm130s0AyMn8AfEcwaI=","XlVk21kr7uQeSJEf4mUwpBuGbF5FebMSPyk+h1nPWRU=","U0V1oOaUshk5VPdj3tvOpFBmjQJKRyymJwEXUIAB8Hc=","BqSnHv0roq6jjUhOWaTQaTDhq88NfQPYvCjzqjPtgEI=","A0rDHwAT4iO93oLpC/9MAZd5GpMcE45iTkvD8qQWZuY=","zUgoPEg9ZALsD9KUuyMFdJvAHZ54Rp7G4LDFTt0VERg=","Hj1losI+4Md99VEgozwgsbrqQ+pB1OwsKwLD2tp0WU8=","QuP0zlR4mV1eXXuxleNwzYP8a7VFvQAGZxuf/0xm7Po=","CeCkFAiQs8sU/rPyUPO+B3wHg9fcFJbrFVYXYSzpKLk=","EInccGGi5RMe4sMtU1nkuOh9Fupo8BEIgs1dN8u0MVg=","0N5wIvNx/m3WTTBG1FQxMFvscWUJIZ5aCVajbFw1KhU=","Q0w4XhYGR523goWL9ghdyHF0UzWwq0FdNVqtRDvpxBg=","og5yvmcnNFlmk2AiQbPJO1lTSn5o8IqeGknQdKtCrGE=","o2qcq8niZTKIQVhTu5OaVSFUGA0T64Kgr9IPlqISDJU=","mq0bTnrPHMBS9OdyOoN0lfcbOE+bu4NYAyRfUesOx5k=","3MaQXAZvOSj8SrUduaakLjK6bno77z4cvMUUMcqVPlI=","0MXW3gtVAC8Op3CjAI6LVYCEZynYlmpS83vR1394Wo8=","q7UCf2wps7p2XgP8shsx+cc21QCfpve4v4+s9e9zEu8=","1CTub+qJglFboZviT0qPHOfuuoZdyzoJobKyDpecRpw=","nFOqhqoss3hDnSw/X4BqEH4Qlnox3O9EzuGyxHY6bq4=","6+qy/MGQvXIY7x9YP4aERblE7MFZtalAtl6PKWdeODg=","HHKWnnILe2IZuLAxGXnVzl8FDaYS6MFt69aWS4q4ARo=","WTNfyfO0MHVPSdPHIVWaz6tt3wa7hkZcnyruzTnHeiI=","XPclQCdaofjxlnY0ojk8ypQ68rfMB5XVkkcZirjc550=","Y1uw/enHLfMPECiPsYlj2Y31IyD8P0lYlRL48ArwUns=","hM88gfHHBQsjjAIs3Bd4e+/BelBG7XLG0NS/QbbRBT8=","7rJP6DJ/1+KR2O2PIWXPOACiRCpUse5n9BQoqitugOg=","fN7cda0Tw9psocgR5PSQEEggl/J178VIZmWavi3TAZs=","UTILmsm3iQWHJfC54qGIVxJWNH6/e01jJd35vEi45bY=","S48NF7THpILns802THHmpeDW9r2RTURGmOnYcZ1UyqY=","QmcglvFuGGBWSOdXUA+KpcRMUVyrLXTnmpAsFGiNi9I=","7OgkuXT25/HM5NszpxatDzF0g6r5nkLsqYtRe+W5Wlc=","yGhJXq2d3C4v0+qii7cZT68MRWnBQUE1d1xq8f0tlWY=","vLUUdO4yT/Duv4waov4Ng6NJ7vffJzVMTuVBMiHSgP8=","U++QupjeopmJ+uF9Pq37YK67awp4p6ioVPLiVHkeQmQ=","StxTxPm5Am4I3pizIqJ1IoHsAFmZBFxYx7TJa7/tBkQ=","9CB6uDFfWlfTl9rCn+saaAW6oU5nlEQ57QvPjFB9T8I=","4MJU15ldo426F9mm0n9XnrtijWGp+Cuyw++SbIQAt9o=","4qvQRxNuKsaNoYLgCZKHdbHi3wvr0rkuK6QOdUSwHpY=","iUT3sLDQZJkVtUNETaBBgL5LihU85khS33UMZyyUPBw=","okYojD0PqK3s/nW6DWUec0fTreQwkhEn1gmupC+Se3Y=","qz050cx5RENDV27Qy9/P7xA4CCCP1n+h+KHLCteTJaQ=","v5wgyMBATKpT7UE0tbVedIQec+jpWZCQOgz42FXr5BU=","77qU2obF1F3p+TG8dq7mtgFqitDylyjKiFOWfCVniqo=","6mA7/iPvQF43FwvHf/6BVL0FZcCjYr0Gf4xTetW/NGc=","g4hmbTh7dFNJAuSSQFaFgLteNftFs9YYtuqMHH6w5wI=","kjc6j3KDXuhku6jJSq8dhfldHJL988yazKdZu0fWjns=","9EIVGxhRMewMKRvvJ+4A+6PP1UKsvWPM4IsBLcQsugg=","RcglIV47PspLD+PNiAxwVIrYCCKxHhAeg/heeq1XE4U=","W83THyB+HjsE1sEAmNxM/8tWFCxJFnIwIaKpMTg3ucU=","FMsJLJdoecPXd04nHT+SV8zTlUA5LC/1SlH0lWBjMSE=","Jjgdq8+dxyjGjxeOh4WObVM4Rk92G5f3hfXm12K7QqI=","9t6wl6lIi8PLAfOw/6eM9JCCVkFVMBgS0WAmWaGcTNs=","heCn1jAvvoxAnDq8yc9J6dlL0yNTvNsDNAA3s2Qn6v8=","GpGelvYBHTr1yDYEliGDmZJlr0Fky0lbzDztJfz+Pc8=","Nk/pFkCwqGFjZJoL+pP4kTqbYBc2PCxBL0j6L0k5iVU=","kvOUfU7ZBVHTGBNVSgfAE63P9ST6HnylGsdvucKLtS0=","bk0gbwDav1niLdFvABN2nLPXOD2niZaThamLOZYkjb4=","u93+zNx7tTS/ypHc4tTcu88C3SXHWiN80cnIPb/9a2c=","iy+b/+g+QGmAitGZtq+WyXu/DvhdIgSQt2n34u3fc7o=","EvBrfENrdJYJbszrn+q3ztVt4lUG6R6CJV7FtrVFDUI=","NOhujJMkeXbz/1lF7Ov/V2uCm+uY+P/kXvCS7FjoRc8=","AN5kgIO8/kVPI8/K8+YWibmlauNfk8fSgvXd7KBouWQ=","bainAUJfnHom2LV2gACR5EU5GAiquEE+0wPRkL21lRM=","J5c4KbeegP6LG6pWdyFIL4UESD880gCp3P9d1z/6bpU=","ZJnEE8vj5TC0x6T15Dkyv1ZK3AStz1pEA+oNKEMCIZs=","p/MkbctQqFc4dun5Qk7S4QFQTE7Ib7EiWRFXRCl1FLY=","80XO5EdW5smVhV0M3fy4DA78lm+xne/9ZQbYRxIyRvU=","F44l+vMoawbzWTRI79AbZCytckTXOcpl47ftkOlFA60=","4xdauTufSX7bRFNVIBP0Pdf0QNLof+D8vbeI+SjAofE=","nOTSIoog8A2IVWJAGrbLREcAFmF4WXkPIy+ji3NVSyc=","c3KRreMezmlaLXbSsDQa0UXmjIvXyHiMGYM3BYILlko=","oG5FQQBR2pzjxCxPbzYWn1JAk06sjlNuha6bjlbVXmY=","uQN2VEQWjQOW7tDzkZri99sRS7Wi3LVIk1px78TtEVM=","awMicpmZgX+94BP4z5vc1OxWlQM00zWLRADkJgIRbek=","z5k0Qirj2AnoQAVHgxQJ8XWbWzDEASzx9/aSsWc64Jk=","zJ44DwhkG8OvcPGmeImKHQlXkdoTGe1vAKe1VcxlYSc=","QAGqGqOkr0ku4AXmpyt1lDJCL2m2pH59RlxflVKcpBE=","dwN5TiQARftRFMI7udGq2qZkkjtcm4AnMabrLAiYOoc=","pFBLYdCBuPPvQ4ZFx80q6Fanl1eyJe+tenFMmW/tuwI=","3Fr/kHevYDfvgfBOcHPZ0rNAYegWcRTcG4DLXLG2Thc=","0TPfy74TD2eBwLUw8hmPFopwaHm+dNdK2mlx50IgjY0=","UKj949ZBdszO9tvOLQUdTU2y2TYl2K5vfnYCrrA+ZwE=","tFuTVuFFTPj0W7INj+N/tpl1VrKNYnk8BsWNnVVTGcg=","LhWqVi0pqnPzXNbfNaYW32HcHNdgWBXl6cy/Ce0W8SY=","NMrDOjVb7xUWlqfn8zW/1gAjOb+AJ1QSuwogq+Uti2w=","o4UGhm24rfFD3jDywWN+YQVLXGJwGPZB6jL5TUWVccU=","1KcLwLIJQYLJ70y1Jac5WSvF43qiJ8sjBs72UJ1EA4c=","jZuGd8t25p3WQzQpHm0+f57tnfj4EfATrQGfgXyKyqE=","qFDrZZ6ndnDSRI/si9i0tRQjPP2M6q1stskq63OYkaA=","hRoP0GUB7WZAH+PUsp9bAo5RaG0XhtRt1lzoPpAKdVA=","fi48ZsM0zaYBOaeCsSbYrXE9IjYI3Oa3S5PrnCmD5lA=","/VE2OArW+VRH0P6OI5aJb+i1R5E5X14u/p24/O4RjUU=","rOaXJe4EMAYlxveYqgAiQF3whcSyzDaWAQE8+DOlT7Y=","HHGhe42LNctOPIT1q0v1DRFUNOtpfbfDU2d50+Evq58=","VGQZYRsnLca0J8CDC7Y0Hqe4r8n0HtEpY4NgWt9z5Eo=","xc+zoyt2nzsumYKzkzSsj81QF9AUzcjWDrI1VVZ4Mt8=","sSqyWigQ6vfoFzkP1UTMJMJ0CQMnDeQAK9Co6ajTCVc=","9IDz/sDDV59qD8qHuVW+tgE67GQaJhLex/MvGMo5KUY=","kbrmZhFgYPz7BNOsCT3auWQzihSfFxOWg/bEwZCARCo=","xPkYgStqbQ3dJXY9LlaKvpeVDvbBUiQ7+rYVYHzSGiw=","zm7hViVONZGeXqAhLvW+gxROuzARmFh27nvOVSKHGX8=","CUUP/GA355OAjAv1oQ8ZPM6WDSr8O3RTi04Bd1JfsVU=","5PZa9lKg1pw8rP7ULQ3Fs5N8YeCplgRv0RcwH7W+2Ko=","WHuiIySp6LAn3mipUR4rTcOeLZE10TcJb2i6iqv0zcM=","AUedtwpJCRc1dpFS2jPJeUzFxdzI/5aX53iLMcqJhvM=","TNIbf/4KAjwqWobDpM52nhnE2wqH5Xo6TI0mq2y7grs=","w4XEBzRYH+B5+qTPptJU996jrDZx3UQT7YFIkq7OSQo=","vNgqZiVgZTD6RtJYmXv1xV7akfqgF1rvnOuwJUkuw98=","1l75DQbpE8a5ZYUB02MEji5+gff5wgO2p6to0WLUHX4=","m3MgloFrV5iglG13Ajv4x0Uq2o/oUPLypLGFii7JAk4=","EJxtSAKLlGlI6aZHNKqpF28tLyP1fwgFxS9i1qasRho=","J6n48/yJN+v87MPYIu/1g5c53PDdMjp9OydufssvPEY=","xwv2DfA9S/oacx3oKiIVr7UaXynGq3xBxrOnO/LT8P4=","aBA9r3lf92cGd970QedqbezX6OYCPMGcQ4s0tdIbTrc=","37GN+lhA2FG3NggFM0rpqOeyXYjQ+3MvUZaA3Lmf2kY=","WaZoAkcne2B13I9e07w+SDvWgH84P1qSEiz7QXeEm0Y="],"block_size":4096,"path":"vendor/eslint/eslint.js"},{"block_hashes":["24Py7eZ/Ns+rHqByHqLul1FYY+mmU0aIHzBeQwRRzJE="],"block_size":4096,"path":"vendor/eslint/LICENSE"},{"block_hashes":["1TSCUiD+QzUGRAXFASGwk3/P3yln0dXtXMjnu578Lbk=","1F2SpICFmpP8thdUydiLrhb34Fzj0J40T0uTdhkuN2I=","TujmpnEv5sX3b4lsH1CV4UNKjbpbDOc6X1Z0yegJ6CQ="],"block_size":4096,"path":"vendor/forge-sha256/forge-sha256.js"},{"block_hashes":["O+K7Rn2cmbK4Qw5Nq/XmGPGU1mwfrJIygjSmXp1ZOjg="],"block_size":4096,"path":"vendor/forge-sha256/LICENSE"},{"block_hashes":["i2h6X6KM+xYoJ/mUzeuB5yJnO2c0OFy241zd3xvRoXk=","uXoQPjKBGMnCF54LH8nD0bnN29wzoadBXWtKgwKjJag=","bp2qEBq5lNQTWQ8xSSKxPTAPM8RP3vQxHGkAQ+qRtpw=","vSjGIA1vetkJKmpa0fwUkEo/C02siwF3m2n7o3wX/Io=","g2lbWTeGcAVEGqQXVcKbVszzxEsPtiVqgbWkkx+kTi4=","Mi8c71rLghvecZEhOJZ0YEt5o+uKGkJ2R2LbRDCKW8A=","LKkOT4qYwp7fsT8RFhqTQcehOYG7/UgoeW23h81IMT4=","KBm5mt6KXXKp4i7pVxBzC60tD0Rht9giiIlPzOaGGyo=","CBb0P11qJBUMXIIifk8sE7zHvUia+2EPNZXgZcoeqek=","0gRqZC41nIoYohQNVPSxsD0n92wW1/9/qScn7tnUlY0=","opb/xdzv8dRRim4t9hkM0TRAvL1+YUXHdRnzrp6JvdI=","4/buNCIzalBKIZQYMb4WFD5oFNhIyN6xI7419Ssvb70=","+3bJygZRyscf3HRe8EIPiA9WrokuD8lnWmw4zjF940Y=","LyOHDSTbtzf3O8WE6hajSmcpqtE598elzpDfaCVD1VQ=","EjOZJGXaUrmeUQ2MgBFrjj/8qLGNCaT/LynNLC5ikUk=","p3N0KLNaNL7D2sZbC/ga9NA2bWXk6XBGve4EjKONx6U=","L5rE/nURXE0JFtnd6K6RdSYOP2WZrJSORAL/QfRspNQ=","0mLk+6GDs84KNVO6Oc5cNy4D4bzj64FJsFbYx5EvkAc=","iLmyjq7jJcIY5s6qMtS7jOGhROkYJIFCjXPDiWBpbAE=","g6s1LdBY74Cn8NXaVNbQsJLVItiWxqwCnn0qJLYHPXk=","dsPaPi7sxzWDh8cm68/fNZFcgB/UfRbKfYG6BFPlmuE="],"block_size":4096,"path":"vendor/jquery.js"},{"block_hashes":["2OzJE67HFmwKeSveACqyqI85jVeUevEponAq57C3W1c=","cpmV/g1CsDvU72A9MeuWSsBhJercKess4+mR6b6bDJY=","WC92NkuDlol9GW6eRCWqmf8s62PaxpymwuzpvkeufiQ="],"block_size":4096,"path":"vendor/jsdiff/diff.js"},{"block_hashes":["gmH+hZuy4YrSQjfRZ3s0a1tS52A/XAqxNMkV0S1UsB4="],"block_size":4096,"path":"vendor/saveas/filesaver.js"},{"block_hashes":["rN/SSo5akzBVMmsjWwhhH3WbpOIA1CpFWluN/TZ2sec="],"block_size":4096,"path":"vendor/saveas/LICENSE.md"}],"version":2}