{"file_hashes":[{"block_hashes":["v5+OC4OH1OBcc5Sb+mRnLuTJmoLhqCeWIJ76VR4UhDg="],"block_size":4096,"path":"clickable_links.js"},{"block_hashes":["l9m1g3NTLtVf8wLkxD3Fd3CgsXDJAcKHhvp+fr97fJc="],"block_size":4096,"path":"jquery.ba-replacetext.js"},{"block_hashes":["e8xELVdTX5n0z39mo6I+XPoEwf5uaH3S7leyt1n9jig=","JZ9YXErlmY0wKnmsnrK9+wUmUmM07kT4Qfpe6RF/Esw=","5Gkj2ZhhsmeRLM0L+7F1tFGJcnT6CnaPP38jiSIwWeM=","hfg2xDjuT6imNjz9gfhVa7JbRNNsP7D+vCvVE6/n6Tg=","cf3o5a35XJmrEzZe9JI+EFQVdBx9xam+Dg+8/pLv46M=","LBISd0mqcrGN4nvdGdGOKdqtIb1rTDm5dn+XGjMKFCk=","KVfW6erAQ39Nl9Ztc/ATLyzWlRSsW6qxhzqUlreufBQ=","GxPzJKqmWKvNnupSjHZLS3WWYL7PPwQzvYdq/IjYF0Y=","kLwJ6swdMmq5fQ9ujoHQ1QIKHHEKvxAlDgh+5KfS8Ko=","Sjw22yiMHVRMshqOcSD8PQwiM9ogE/uuDB/UxoUsjas=","QLtogXqoYQkgteli1dsSw1tN6fBp0SFs1INh1UbgjnA=","XSDnAMeUvR92xx2ti9CrW+BNkELVgv+Vj6o59Pp6fn8=","E3yoaNNlKlX/quUuSbU69WckBa/U+wU+dCqoLdtaiNI=","TKlXf54YM5DDbRfYGp7IuCxVgg6eb5PoP5cAjLT2+XY=","ukc/zrQARC7YffqgmyK7JxmgWZodn8UJ1Yvf6XPOVEk=","rEeLMweaSg7WwfnT7ZHlyrWusNz16BxdSgEEZf1JRJI=","av6VxZF7mbd4d0CWvj7F2mojQRved7ek4NZ+82XK9Qw=","O8YVG3P+yjzq6G3tMFgLkRUJqsUI+Jl0fe2d1l4aLSE=","1T2ETvTAfAX4X6YNbqm7Z5tQNNbF5nNlj3Op/vym/kY=","Q/SlAkK5N1kdS004GodFIic6kTsr/LxPCDIo6JRhi8c=","82Z4nW67xON8PmvzQATF188m+FYRCc6jr0mUGzlShUc=","GNpxoHi2Gp2vZLncvpxXob6oQp/1ltYxSrt2ujsvuJk=","AM8MVKznl9WZWO2RtFMew8NBwnl9T/9e213H5iCIj1Y=","j8okNak2dUEJZC8d0VT6Cia+RqBbeg/BPEtVCrmiTjs=","H53aSQBJ+AW/Vov4X0SbCsTxJ5cJp7GrnX/GXevLhAk=","PY6p206yw9jlI0OFaJqhshZfMrh+aDlAeXRH9DgtrZ4=","kuTvYRnbG6bRnvX9tHp3CX+GxSaIUWfwzqPBTL325WU=","iNeUkH8Mx4arzjcc78XiBmfhOGo3K+vjxcdMaj+5vbo=","2H4Ww9LsgxZDpJg3vaf8q10BJiCyc5QYEIg4WuGrcP4=","TWCk5wRNUIeWYihqcM1W0Nw1yEMtL8Nn1oGqtX4uG2o=","TUm/PBM2MVoNBAf+z+iG2cFxFbk0os6f9t7isDQz7kY=","wYrmy0bPrnqW0F+9Ml2EoC2sP5uBRpaZE1pzfIS7p7A=","CU2Tm44F+4VBfwqy6+STVHiDtr0dTdi/Dnyc1fN6Eq4=","aqm68f20K7XupgVszEQm6+ICBOVkRIA806ZMLo0qI+4=","f6oe80T2V85TJVrRJA8E4XonxwgtNmWDTo77z1iertQ=","j/4PL1bGKuae3Ns/h3GPjbjtYSTHsfgsnhd9ezoRaJE=","bv7cdm1EZUtD3EDYrk4C7z5Bzm3bofzFvOVdEMnSzA8=","bW0JWRg3dUT2gPtnoQmyrWXxPciGntYfljpP5UO2PHw=","c93FFKufn4AfHxB2IVwQtyMovAN51N936C3McQNIygo=","T2KGbm/eAJqFZaupfv6JHqghYx138WWprEdzG3j1nO4=","iK2cJ3iFUwsOqyhDZgAh9k/fjQTr7ttNHkrAt62J+5Q=","rIbS8lthOTmwd9VBp8lE6YaUzFABo68H7oRMj4zAgG8=","kj15UwpvfERjrw0HPCtdyBeP9972s5gfi9NkdNpkTLQ=","77TkoQR/OA6NSFupiMV2OoM6ZrZ/pplr5xk29g/WnfE=","K4HDNth9qafPfB/E8DNXsMvnpUTYCp9FyYuPVKVmXQs=","MyQRRxCdVit8vq1LB76lLgHN0Ei+hAtvNHxgu4U9K6g=","Soz9Autnxo+5FSHNEU7yIiXMnvFU4bT+GQUbdhNKaJQ=","yfP1lWdio9f8qR4C1rawvNU6RKRped/8KY4Xx1VUHec=","Za9qD/QMdvR/duEjbrxUAm7Yr7LipmMOqs0J8Rw+a/Q=","dSjfVpoC7lWb2pu4krU6EHHrN79LY7ZPfTQ5LhN/PXI=","pCBOXMkklyU88vm6POhiSqRZGIch/2QU7VkJDSRmHsQ=","K3+20Ivu8esCWmaDP68x9KuWNwGp2T4n6M7NYBE6J30=","o/+QrUXJpJ0ptTMtc4o0dwVtxmuuMfNQmws8szze8+c=","sGfW//viHMVYtMurc5xiVAN9lmE0AsHn9oqFF8MgHA0=","ZAdTY1dlhp9OPeAyQpkQ+MxpuCCIGHwSxUbX+TGtDoY=","eJW1tTSi8+1VaghWL8vVokLg44clh5AvPRICnZtcWzM=","9dxTwdn0eyxJFnyJnc0Zx1/p0YRVx5CIY9Wu3ZLOgmY=","6H9nwC9+W65pmSB7SykjedMbQrxUwsfeabzlcpJGwyc=","EisZ7DTbcio6LCXHeeka63PMi3jBw4txIvPikLDSXEU=","SQ5xnDcE8G+oHKz9Le8gCvAjjn2ndimSPaxbWPpDMxU=","sZt0le62DPt/EuQoXvyI2kR+jmcZX0QtWpu/f/VyyYI=","6H/+Tc+ck0RSz5Parb8yeAip5cEnhtysJXKe9kKC0gk=","I3gGEa1/f0VT0kEC4+I24w5uQdMhJ3g+E6o2omwwuGU=","nBcknZf9QtXTW1McOQmYwP3fsyK8yjogZPmg3ImrAcs=","zw03QaQomclUCVS/3+XP6IT49HOwz60Rp2OFhoxDZ6g=","yylkTPPFbiDmw/4lq2j/VkAIbkoLBNlnc3ccYECfBjs=","WKj9xgKszKWFfYTMjSMIiDob9iVIdUrVT70wwoaWQk0=","pkc1BYynI/y43CjFyr2/p0FDwRUAd1hE1Tv5f9w75Tw=","oI/mw4Qs/PCDxSLXpMnZA3P1OLQRg/QReLMhppRK8ME=","kYzlkycxWjmTD82OOHYzE1gmK/ktBaXCBAMs/Q4Z6Yk=","udiWUkecKPFuxP5ifClt334LVcFoh3VIlF226y3lQvo=","6efAYoCEbJ2CUxqTlYWtp0E/2mZuMtc0EDPtk6wRrrk=","OqYHQTu3Txybv/AnOqQmLoFdLvQ46zXCk7yjWV6wcVk=","0Qx0GJ3t0oU9nlsm85LOOedb9zOhK8StxyOqhGLJ368=","CbUORyJeTccCUwz3Su1b09ZCFS+tBML6Z59/AjF99Kg=","O+C+/W0Ik3h+UV6XLnz/zDN5cmFC8eUhe08fU/gqT6U=","pQRockCRr+gMvM22RwCHfTu9AF/2LXjzhV6zdasEWcY=","syYQseJCqMtP+wq+eDYx7yQGw5KaNVirmhE8GhfHkmQ=","DEKXT0QkFp9/09fDIw5C1V0cw77bCEAgrkAENygGOQM=","Pfwd92FhqF9lCggojULCfjOb7LCxWyXjK357ZetpzzE=","KxDwnZo0NXJk9iRteCPjRvDfOpXoXdNb5i7jK1cNgNw=","Ev5M431Eh+ecqEw14SW7GBx/NDojVysLxqrGeEY+jz0="],"block_size":4096,"path":"jquery.min.js"},{"block_hashes":["r4YEZ7BDcPq8yMzznWGHKEKe2z+kk4Jrh3oau1qF/5g="],"block_size":4096,"path":"style.css"}],"version":2}