{"file_hashes":[{"block_hashes":["AqyLy473DDV/ns40bvxaEjKtLQcsO51cTBl7JrgoUHs=","CDhJEn82Z4P4uNSy34llrK+9INLRKHctENYKgdyC4QY=","cgGwesqXTosUXTTD8Qu8eARR9FuajpoWvkwp4fM6N4w=","X4J/AeL6MakKfDVJnLHpCPPx6gn5jj+9TfBaGl3oFww="],"block_size":4096,"path":"application.css"},{"block_hashes":["5oZTlyhgwbziPuw2h2Sp13MvAKxL0trIBYiYHSKGrsw="],"block_size":4096,"path":"beep.wav"},{"block_hashes":["ZW07H8pxURm2E7CP/uU4fAv4ObdYGaggUfuubvhoZBQ="],"block_size":4096,"path":"common.js"},{"block_hashes":["qZwn8CVOV38MKexsbvgh1SSGzzT5R3DmKKEAFea1A/c="],"block_size":4096,"path":"extAnalytics.js"},{"block_hashes":["DjU809zNfk3s8+l9WvoufYvOhN5moCy6HE7Gl6hGB5w="],"block_size":4096,"path":"extGoogleSheets.js"},{"block_hashes":["huZ6pEIvKPp6KcxdFntkGrVisXXF4gEBidjZ0gKOF5s="],"block_size":4096,"path":"extLicensing.js"},{"block_hashes":["dsjMCE5pal9EBU2JYedj2+uNF4OBcAv7wVLTM9wmsc0=","IpvwpCOkEypJBMsuGTnE7YUJXTiF6/tzpHfnfAXL4U8=","fr/1VrtXFuL6R780fonaXV3a1DjDtlGUf9JFQoqczj8=","Y6fy31CFJ+7QwiqFCC9pKTS29YGK0VEfGIR7K8vXy8Y=","w178YKqPye8XB1wXa15xlCZxKkDN3tlIT4ctR4hy3YA=","zDDG8e5vxOVqYIbzpjHksSBozMAfa3aJ4aYAkA6nWyg=","FCxewDxQ40BLOzt0U/RiMOiR4D9YayOYMopiyLw+cxw=","Po6JL4zwDIWA0C2QrEbpmGB285luFAmpX6SwLEhGa+0=","E1oXyf3FO8VooF5VD2DdixvyZmahDC8343/tQP02cUo=","/h3o3NQJQdKSVGxwaHpSeDrOv8ABpXBjNxQUQaa6AlM=","TFUnFA7/Xwqp3A+oQOSYAOdgcaTxVi3lqSpqDpmk6gE=","oYymUBFBL0lJ9nDtmKzjNiugEqXx4PXQOaaCC5fK6tM="],"block_size":4096,"path":"extWordHighlighter.js"},{"block_hashes":["GYPSVKExuFZpziUI8Rv62ZYbUsLJIS+5hPp0CzlrYXc="],"block_size":4096,"path":"extWordHighlighter_notifications.js"},{"block_hashes":["RoJB/eg72ETjkschoC7wYgu2TNWH0o0d+GEtc6H38lI="],"block_size":4096,"path":"extWordHighlighter_skipSettings.js"},{"block_hashes":["wwkTP8WAPykvjwbycxsmM93GtyytowWWuPMre77Zkt4=","pHIlXuCvUuaTSN5WnyCgIyfQSzAPivA0LQq3Z86hUEk=","DLrMn3uekYSZvgwi5JpuCnkK2VtwagT4ob4mPO2WHTY="],"block_size":4096,"path":"highlightEngine.js"},{"block_hashes":["3ZRtn/VJSsDoRxCCqoHJxAuS9AdlyqL+evMks1uG+4Y="],"block_size":4096,"path":"highlightThis.css"},{"block_hashes":["NXloxcdRnf/IC9NJ3JOfOk/x2mMCtDq/a/2jfICi3s0=","jbPYkvaFCNBlg/qn7STxCXw5on74+laa5qRCZpcCEes=","KRuJpJCl2JMKWhSW2mRNGqqL/kVkxWFZ0zYOzjrR8BM=","tINdFXWoYsjsDLRIO8tGc1zcsq+vV9eqAXfgoaV6QCc="],"block_size":4096,"path":"images/background.png"},{"block_hashes":["nYiCBjqeCSw8zLF9GbNh8bvfNcqKMfdjqkmVnS37O4Q=","uezOQGLWfhXW81pTkOZYFI6oVt6N4/uLffEZdsK/1Z4=","5WpA/LePwfHR5Wqkg0BTiFXave9eZmn9gk16WnVtsOI=","q3t7LM5VOe9xEQlyaGkvAefug/XCv0VpE1OkSQfUppY=","/gCNvwRxdSn4ZUT4IIoLsQQvZZgpICcuzHxLox1GIoM=","vxHr7aRMC2HJmN0wpAWZmGKwj76wh9bXbwSRdlVYApM=","o1Tmc4VY2pFuk6HdkV9JjSfFfI66to2zLUZV2nhTCX0=","KVqfKyKuPauhnCRfyUnKLEDe4O+Wy4TSXUIbUMyU+Jc=","gThqnETImDfmcn7XaaCMAnAQAA0n5YjUjAMQiayEYUg=","cFzZ8nZmtRiAPQ2wnjhFHYj3g+0QZ3CnfDI7TlUD0zg="],"block_size":4096,"path":"images/GoogleAssistant1.png"},{"block_hashes":["4BePvwrV273jk5W1xubGhs7sGlTv8lyzfem0SVFWy1s=","iWgKRIosvukwqlA4tQdiNUww7XUUObhcf5CMKYG95rM=","KX2YVJ9iHa+2JWXouKJSfD4gTOn32qAl/JxcpeH97e4=","ZAYVv/O64LYRfuxxrAHtH+mNuXqcCewnN5SJx9iURdM=","bnXxf0401Gz2BjNkiICf3HhWNXa/IulGlxkV6e4wyTk=","mNIIYOH1Dxn1ATcGanJAf76mRkoOt9FvZOPMZL9eFVc=","TiQ+1QjyE+Yo4X+HPRTrZSksGQfXxu2EETrbyuDYJAU=","7wxWia99AO/HMtsQ0gHHMrQg7BdWVMFRWMb3nNI7ML8=","Twv0eDsQ50MMFwgeG6YMqE1ZQiAJQVDCDakil8vJG9A=","t/QB4yhfSgOUEsxFae1QTnptvDln6D/N7nSO4Gw5ba0="],"block_size":4096,"path":"images/GoogleAssistant2.png"},{"block_hashes":["tuBmbGZ3Bap8gLjjlsR/d+6WT4MdNVdKnZoSM+3J+vU="],"block_size":4096,"path":"images/pause12.png"},{"block_hashes":["8dVSCqvFk1sHxFyApBSwsj07QF1B6aK06C2/G9/L6Oc="],"block_size":4096,"path":"images/pause12hover.png"},{"block_hashes":["FnL+g+F7F2KroUcn5KiJMOt08IdOrXM0dLEyBePsLzg="],"block_size":4096,"path":"images/pen12.png"},{"block_hashes":["LBCsKULmAr5PpsqFmrvTaaPeI/RGPxIWJAMI3Wbo03k="],"block_size":4096,"path":"images/pen12hover.png"},{"block_hashes":["pXTSNCmUFPh3A3TxXpS4rFQhu0tCA1QPJxGK54qp9us="],"block_size":4096,"path":"images/play12.png"},{"block_hashes":["JxB1D4gr3rvHD9zpDtjMSmshhQnHmRJ4jLOUiGYE9wM="],"block_size":4096,"path":"images/play12hover.png"},{"block_hashes":["3bwINooLrsqxhpgIUG1ZcgksvJ5AK6lAxb/smEPxw2c="],"block_size":4096,"path":"images/plus_12.png"},{"block_hashes":["zfBEZ88t6zBq+bKqPKdsWlCo3r3wS+5c+YAvLelelI8="],"block_size":4096,"path":"images/sync.png"},{"block_hashes":["8oJQyVKxDZlzySUKvmNVVMir8z7B/TDba3+/FH9LObU=","un90vcBrzTLyqzOmGLkcZeZ1odPu8T29Gy1uesVoTCY=","9+3hdtiCOxDPZd9EQH2vSl8VVs3oiR5MYvPVzE7bFH0=","j5xX84yGls30DkrABW39hfArr9md27kTOkbe59Q0ygM=","i1h38f8SZKSoCOXGgcfOt2R1NrsUEGYpgm1do24Icis=","53IRYxAv95eV/4l+6G/sLfBLnvGyEKvOBTCutCgX5P8="],"block_size":4096,"path":"images/wim.jpg"},{"block_hashes":["KadKE9MBDPmW5m25fijLUHmHtirKi1WAXLD8m93K6MA="],"block_size":4096,"path":"images/x11.png"},{"block_hashes":["6dTIHU5RbjLGzEuNaxz9m23Sc/l36QH1aCwrZDAG6Iw="],"block_size":4096,"path":"images/x11hover.png"},{"block_hashes":["MgMvzrWpx93CMqc826lHGmWLbw6ui3NMxBGL2DIaFHA="],"block_size":4096,"path":"images/x7.png"},{"block_hashes":["McYkBzRVECi2y1YY30er4Id5JeGUss158Yz7xKyptfE="],"block_size":4096,"path":"images/x7hover.png"},{"block_hashes":["wPI6tY/RjwooBQ3TypVxSlwGqo/itT+xik69rXgZFdU="],"block_size":4096,"path":"import.html"},{"block_hashes":["FN9rxA1UUgFCdEKLgjo9X5lsM2UEhejgxvbKNe4Lmy0="],"block_size":4096,"path":"import.js"},{"block_hashes":["5amp77XK3pLlTvLo4XnbgLDQ5EksqGTkjFZEHXFobxg=","VgdXoTpB7yL96qjhHLT/8DCQiA92AcE8gAlaK9m9eRw="],"block_size":4096,"path":"libs/adgoal/background.js"},{"block_hashes":["QDvLAdkM2P1GOrQoCuSQrSCsLP7hTQ5SpBli7NQJ1zY=","+H6EavNppufv4b5K/FaZBPQ6h5iq2UbE74kgYOa2mdA="],"block_size":4096,"path":"libs/adgoal/content.js"},{"block_hashes":["ILiL+2ffDhmP8lMvZ0ZXNDyWblP0SvRbeNLwyr6LJfI=","cQPGwjJtZatR4XLaNmgUdh1MalCvwo+mK3NPeoutrlY=","0UerlCzmjdDReC7WKQ7ybH+RvjPbfNYsZS958GbMHIY=","7vzxQibLXXXqBYqZeK0mex0oK9Qgzj7ye7yESAIIuCQ=","VIufT5se6loHqIxlNXEdozplL2LLGKSJjsPda0tbWe0=","QIi7JnB94SsUOns2tCVGTPD8dPfOuPjym/j4Jpfb+X0=","3jwUKhAT+jW/7aAjqeRlv4+9xbYtRGX/UwnWzOBjeJ8=","qQ6rnJvVZyIgPv6K7uGLw2DmHB+ZvnblA4d3Ox4aHEU=","3DJBFxkziZb8QsFTzUOh4JqO+EdWYynvylzpYnO8y/Y=","Xep/zZPKmncm7cgxZK0yFckn9B1WBjZdhaJlsael4Sk=","on47esW4ONvrXapD0k2q3llQVWHWgWuJr7MJh13qL1c=","Y2QFx5qb36KnM84arN7QnG4enbKaL8yB3B7YjqHUjts=","gi7ixosEK4ZvlY+BtoXTHFzkP5LjhjspI/G3yDl2HNE=","CbrFswPFuLx2LjoBeUatbIIyT/licf3KEUVrhgr9QKU=","VE3ldzFevys02MHJQm1zJRQ5IMoRTYhMfg6zdf/Y788=","Y261x9WRaiwLFCxXTeo1atqb5Ox9uNVDgxK8p5lVV7w=","wjQJrVifdRUcAIWOJPrP1xGzEikYMghMJ7+RfgiYt80="],"block_size":4096,"path":"libs/font-awesome/css/all.css"},{"block_hashes":["90W/qV67YoE59zV4Dlz1X5I3NR5ys6dji62ESrGlUUs=","5KPtCM6EVAL96mZsPM/yZOlSvThH8k/a0QZC4hxQ2UU=","METNKLpOMbP/g8lrmwJD38QHKjZ1Q0Gm/EYYJtEvgfU=","bOOhMcCSN2UU8LD64fC2Ay5HjiHgVkqQ0QN1XkjT3jE=","PBEaEpK6aNhNh+B39BQy/Nzk3F8au8a1QIqJZXxQ6H4=","ST+bZvEwu8XtrzL7/7+iM6jaiV+4egWq47bngIJAnNw=","BwVi3m0yW2Pjvx5do5xWXdzZCwf79uXlBT5tKH0NsDU=","vvIYjrVBLUv/2cE3FndhKrCKgEpKB/jaOhXlT3EYdpU=","ta9czjqjXW0D2Odp5YQ7g5S7bhuTPX9MLZjKh22Vwpw=","R4+W99NqeIwnC8l2q++fs1fy6bWH0w/hUeAfo9nWVHQ=","rIWm9CCUMjwtV1Pmq9A/bi/ggDkXfyZzY+gmSsD5jyk=","mHsu5IoSRzdYguEK58Yp15bdpxEYIOcJNyA9Vb5qXAA=","/Lu5IpNUIYXLZ23WhWpdYC+6d3C6kyp64HXO112A7LE=","BKVieoQdkdYW25XrKKbXjeK+VAWAM5hLa4pn6VHNBuE="],"block_size":4096,"path":"libs/font-awesome/css/all.min.css"},{"block_hashes":["ILiL+2ffDhmP8lMvZ0ZXNDyWblP0SvRbeNLwyr6LJfI=","cQPGwjJtZatR4XLaNmgUdh1MalCvwo+mK3NPeoutrlY=","0UerlCzmjdDReC7WKQ7ybH+RvjPbfNYsZS958GbMHIY=","7vzxQibLXXXqBYqZeK0mex0oK9Qgzj7ye7yESAIIuCQ=","VIufT5se6loHqIxlNXEdozplL2LLGKSJjsPda0tbWe0=","QIi7JnB94SsUOns2tCVGTPD8dPfOuPjym/j4Jpfb+X0=","3jwUKhAT+jW/7aAjqeRlv4+9xbYtRGX/UwnWzOBjeJ8=","qQ6rnJvVZyIgPv6K7uGLw2DmHB+ZvnblA4d3Ox4aHEU=","3DJBFxkziZb8QsFTzUOh4JqO+EdWYynvylzpYnO8y/Y=","Xep/zZPKmncm7cgxZK0yFckn9B1WBjZdhaJlsael4Sk=","on47esW4ONvrXapD0k2q3llQVWHWgWuJr7MJh13qL1c=","Y2QFx5qb36KnM84arN7QnG4enbKaL8yB3B7YjqHUjts=","gi7ixosEK4ZvlY+BtoXTHFzkP5LjhjspI/G3yDl2HNE=","CbrFswPFuLx2LjoBeUatbIIyT/licf3KEUVrhgr9QKU=","VE3ldzFevys02MHJQm1zJRQ5IMoRTYhMfg6zdf/Y788=","Y261x9WRaiwLFCxXTeo1atqb5Ox9uNVDgxK8p5lVV7w=","SQ0NI7uX1rvustgy0pNBddQpTf6fEevScS6vzhffGEs="],"block_size":4096,"path":"libs/font-awesome/css/fontawesome.css"},{"block_hashes":["90W/qV67YoE59zV4Dlz1X5I3NR5ys6dji62ESrGlUUs=","5KPtCM6EVAL96mZsPM/yZOlSvThH8k/a0QZC4hxQ2UU=","METNKLpOMbP/g8lrmwJD38QHKjZ1Q0Gm/EYYJtEvgfU=","bOOhMcCSN2UU8LD64fC2Ay5HjiHgVkqQ0QN1XkjT3jE=","PBEaEpK6aNhNh+B39BQy/Nzk3F8au8a1QIqJZXxQ6H4=","ST+bZvEwu8XtrzL7/7+iM6jaiV+4egWq47bngIJAnNw=","BwVi3m0yW2Pjvx5do5xWXdzZCwf79uXlBT5tKH0NsDU=","vvIYjrVBLUv/2cE3FndhKrCKgEpKB/jaOhXlT3EYdpU=","ta9czjqjXW0D2Odp5YQ7g5S7bhuTPX9MLZjKh22Vwpw=","R4+W99NqeIwnC8l2q++fs1fy6bWH0w/hUeAfo9nWVHQ=","rIWm9CCUMjwtV1Pmq9A/bi/ggDkXfyZzY+gmSsD5jyk=","mHsu5IoSRzdYguEK58Yp15bdpxEYIOcJNyA9Vb5qXAA=","SOYfZYruC/8xk9A4t/fAwJzD0l+MKHhP50omFv6n4vA="],"block_size":4096,"path":"libs/font-awesome/css/fontawesome.min.css"},{"block_hashes":["4SZQL3t+pvV/Gfrd6DDGCmIemkyBV+4o8dEuc38FEGg=","Qs7NDrV8C5mykASQStgsKFYekSjdyfIhESCQO4QbO4c=","ip1gEG3q5LC4/Nh0Xbsgr9+lK/JqRDSVtrmavrEFqSU=","gbBVfE3KVxH2WEhtOJmkscNKVylec3JBOwkQwNSpLNo=","8TFSntHJpPQNCIeH2HDxGygkC7jEgdD5YV9kUAz0Krw=","+GSoTtijwFwKKQ3TVsFkj28XQs9aUurKRgWuPCYw6Ww=","8z2v2XUUk2B+28DHmJgcqOgkxhFoVj5Ckbgclt7RwJ0=","JI7PL/k8ItTMoq2XIz5vX8g10yzJgcH5zWfFWO8DO3s=","auJ6m41ZJ7qvfauhwLMYgbeGmM2UgQ6ACw7FD/LP1Yc=","Lk7xsvzKLeg6oZ7ribsl2iu0UNPV2RWAN09ispFU4O4=","y4q6Rw8xG+JFAzGXD/74XXjZYu5QTfQwDTauDmjMaSI=","u8ifiktnzNwOFE/PY2miFj1EXpIxsfVcLfmoQJQsEFg=","RNavEezqOtmbJL0/FOlb4CK0BJwYfGRm5gU0jb1LbIE=","NkpSJeq0DBvm3pQyNrYj9qUJ01BllPB/Impn2eL1xzY=","zmePIueByEYIAbByfQgIJ10Hpq5/T+lKZI9RHyYQTlM=","+cwd0WXXwwjAgYnEqlxhHYfSVs7U77f1Rqi6yf6ShDA=","Ss38tXsW0T4gmiDnVUXZ/BFDBhGPkUIKMAtqP45Dp24=","W18WR4PzdUnjQDMASgDIY7dBdSo3La2soxAx9JvnW7U=","SkG+3Y8h3RwvjWl5+eKAG/sblTkzKqlRNZ7OnQip3v4=","/Y+uKXNBVfucIN6Y4DxHBTJPh07Kkxe2LhJ/03/TjOE=","pbfR/Ra9FpjyMlsbk8IT+RYnKFD4dLurcDDDouKCI7U=","PZe2ITAcSIGvF03pVAFNzR3DWWlJU+kiu6+Y6Z/Xx58=","EG1r2My4PahRArsfU/NdhePGA3kgcIdwFHjyTJkuS2I=","NNklTdQGEq88nEDsuW9Ksys4DYBjP0mAFnxIIc11MOw=","7O58LrCLhx62vbmN8N2RDrNzt6iYev9YWIz9vqnBnXo=","jCwn+qOtSQr8ndYHe4EHQBYdzWXrjerlHNeC0YraD5k=","rzegvKEiVBiWnaaH1Iolb65ms4Fat+hpRR7fkb9I27o=","eb8lZ5OeaL9NNsDnA+Djgrlp8H6H/a3hAmp5jDnETF0=","ERAlYme5hhakUpMHqnhw9Quk2bGP/q5E0MXpSP6Ro20=","NXS76v4oqzHWGMkcWby0loTbvabO2KLih1uHUtSv5HA=","SFY+4LOIyMVO0J7WuwYnztmi1bHFH4fGyQ1Xoe6bVKc="],"block_size":4096,"path":"libs/font-awesome/webfonts/fa-brands-400.eot"},{"block_hashes":["n4nh94AKcEY2s7BjsQDT+aWR4dq9jSodm4opYNPgTJA=","tfTX7r9Thbyi05HZEGvyHGoZUgG3EwpBHWjpAoX6KF8=","Jo51xt0tqY/2z4BY3ODL26GT65zj5Y71GS/VDl2cpuM=","G0HgS+ToyQJasoENfK2n9WeWubxXht8t0v0Vgx9+kyM=","ApwFzfKVwOzv8hxGwdy4Z86vMyQk4l2dLtU5aJGKN8w=","ewVbE8LmwijpNKsAeadoClwSyErecBh9crjEhiBkk0A=","Py+FAjKeBOvHKRCjYT/DnTFtG3x+JoR4fC811Fk8zQI=","nk9hmEZEa3wC6MW+z4M4j80o8JpIza6nfkLIwWiNxiQ=","2g5iLM0BguPZH7EO2hEKeDKZPMsIzxOKdbs5IX2LlLA=","A5bmtAqBIrNMrxfpYYL9WT0v1xlbp93VEoaKCzXR1Ww=","qGpUFEdihTGRvfCTvenPdqJ0FJsMp4/5ty9NwyiwbxA=","bitaV9Y9JL9mQL5R00gA97WH+43oIsHjPv8RH2cjC+w=","Zt0Jx5r9jJZom4JZJSmCNAXbU+qPwU1MV2BAUibsIm4=","zGjIg3Jwe3atibsyqu7xyt5W2KAZ9VqjYQyyNuFL01Y=","pdsrLvKKL8Zf1iN2M+ogJIZtp6ldst+Tx7ocPj6LQVw=","JTJC1fWKeCtuyPDxlsPq5Rx/V6RuWlrIxfuEmMy+/FA=","+sDkvvckGn80EpcvvDWyr+dCufvQTlnfhgYkhM2Zzts=","yRRoS9agj1PYd+ZA5kRIAiY7dchFYJLv70CIfdClTlk=","OpBcBdKC0NR0nYZXSs3hxYBT3AnQYUo9BDuKF6Z4SYk=","wIzcDDfJqymLMtPJbo2rts2AD0Ct9yI2M1o1v6B2xXQ=","/BitKW9AhL+EibKJxZJBYLonBvxP8gycglIEuKu8y78=","RQeKmLFXccVh0W/WHK7DxQwqDaJJEkU4I8+nIno7lLc=","FSxxuv2Dyk2qq0ZWLugMogt8BeCzTkethKKbTXkZgCk=","IBpsOg+fA7dJOvwGu18lWcny/hoFT0sJ+EnFqr5Chw4=","+SFhURbweeYnOTqXt9G/fBISCFgq3f9Pn8HLskfuk1A=","nuGgjfJ86v53c7kUEdhw6pqgZe9PpEsxo+f6tk8WFKc=","+WyXQaozdhMDMb9qacd2hI+xqHk/gyAKHLaAziKLZP0=","1aaFVUdWqckaFnPCakileKAG6BF/LAp2ZUpOXQ0G1aI=","Lo2XWUHBvijp3oM3/c/MUmLyyLiv1BxkQ74TgmDhrC0=","zI5/S1sNPBsnT/KRyVqSnNVK5x83/BOKXjWXUTKfCtI=","rzt7fHwAJTI+4qgL8aWbujfNu7DekwI4fvyHfnaegSM=","rLLhneEkjv0Jor+ysQtR+Oqb/csT0S29iDTJ147ZJZk=","WF3uHrIgldVujeHGCP/1pl/hjwy1qWLbOeuWEMoYFFY=","UImp3pIA+Kv1vOQQVclGWxI4/p4QPjLbxd3/5XJ1oZU=","90V4az0BzjJMKrdk3kbvnwbVjVL26FuvVipQCzgPAC0=","BXkxZDtM6L1BaODZEyLZB3Ql3gOgF+s1J+Wj24DLKd4=","0JNSw3XTreSDELwChGaw4eJTNwjeCWwV9B4NRCmS/lc=","qJ2Xzvb8uvdLMzN+SmgNs77M3+pMeuPEnqK9z7wY2JM=","ktcFSlDY6/J8oKGDvoXGmM/m+HG+Vs2OxedJ/OfmUPk=","Q/4pHNqk/iCfY47Fqr2rWGmboInEHh28qzR1qLsInqs=","T5NPK5ZlIhBeTjzvVouAnMN3aziVOy/xvPrlkx5WobA=","vCFAsfcsaRZSp9pt8iLKB+adfZbsXJLK1ZaVU0kktSk=","dxv2s/6an0fINOqKCO5mSKHAE/rRrGaqe7BJ+ZioHuI=","IG3BmC2uGGyXK6lUAheOCy8gpvSWMEgnHMt1cLsLduY=","uNYII6o43+fx2NQ7df1PLeukVxJOxNyY58HsYZoPDWg=","qBNBLbUehI22AcKoC0LyunPuiTS89wU6X2I/9hBWIlI=","SiCSzhQde5tsFuvefcQf8x6uTDrrGwBQ+X3dY/GfYq0=","d3GlT3+SIwCgf3v2aeZ2OX1fN/0yCDtBp8S++0PVZXI=","kgrGfwrP5WBdqXMCf8zkpXxHeNoQOfrr7gTriaBqmfY=","x4BZ8bUeTefmmDcKfZNrzDG35UEiEQNd5EYHf8fAiGg=","h/2bIK143hVb/dli55H2hKlCkk2j3an+f1MDHKWgaCU=","9FOBFXkzIUcMI05fdE48QveTSBjC9CmLyIb0G5ENT7k=","jPPoWB3pXY8/w2Yn4PiKlffTCVcFGOPrgl2EphU/8n0=","Ad6cuNCgl2TW3GleKBGvRbIzPqZ77vyNYax/Z98ry6E=","mgFb812bWfWdQsSdWT55q44kErj9ofynfa3tyoQkRjo=","1Gf1QgerKUFrrPe2K7gDMmD2BhUvTTx9OtbkJqmMotU=","zastuFZ5joQ19D2h7TCFncluUf0R1qpHuRY3BJNorZ4=","iW6+03iJYTi0nXFz+6Dcm6aiA801Oq5WXqWsKz9d3uI=","mWm2mveg9/JwHJUeWH85k682o5ueueedtK21YRrPY/U=","fnJ+5sl5pNo2VaqQdKeNX/fND6jo8kKHgzlAUfy5hpc=","IiEdzxnata9hKQ8Sd0Y6qffNUvK4Y65vPJyN27OWQVw=","kMZUQcoBkt9gIKUOiikGZkQxU2PiwiP7I645/iYqSFE=","a01Wf9iq7u8pQfb4kDwrnJpQ39932aA2HyFLrCD9nUs=","RCj+Xz9Xa862eLakUikgFaARTiuvVLG15ya05hdPWmc=","5fXcq9ztz125KSaJcg7RM/hmDLftpTcofLQYS/BsErA=","sU8/OtsQlJIezkccrQQ73/8lzT+Vjq2kosFDDk8kUaM=","9+iQceEtJ4Paa7S62yNCyQQxtLv1VTMnLqW3kf2mPxw=","9UyCb8vPjU/lqeh9BLhf4csyWONE1r1WvVP+db4V7fY=","NNQGifKbhdLeny/WzwP/2XGqZlmSSZjhMicHI+4Bn3s=","8j1fX43oLgkErAMbBtvJWUOx72PD86y6xH/WfKZBA2U=","gzQNedPsNYf176i8ZnnIC1fPSAPQ3INUFPRUsgXMMfE=","SuxAQiZ2k0oUP+N4jOVqVXFCZzs1LvAlp3ejrqgo82w=","qVL0TDYYJsJVjF0eZxWFfO10HPgRQAj43eP7A3L9z2I=","ByanCS0zxJ2k3XLLtfX2WX55mu1+AMjJo1q4mkEeGtc=","tAZWO/s31695xIwSN+YwvrhPLDtUMyAQBRsb1nJfNZA=","zfA0+/du4dXNVuG5UlI8DhYuJ+WDKIeTcGmpdnQEnSw=","7SFDVrCgTehmDnmgv5w2dEOknRAzWeVYu8nFPl+CX2s=","+a265lRzQTxC616cKWysPtTkPnXaf/cWwyUVIeUbEko=","i5XEVSqz0bYXoG77jkK73UWTdQ1KlNF+YZV/0/tyF/Q=","qzizU/Zz+VC2J98nMO5YlvBJkU5nN2LxG9c7GtGeVnk=","oA4ZvwnD+4DsvQ0m7AlfymnyOEAZjdVabxy+coBKpVQ=","41WScXH/wWgalU5xJAz1+0tRlK5rHc+yZmd2moE3G0c=","pJlo5sQ2YujMtDCgQzYK44Xb49mL2tIvXxx2NN3Ez5s=","3mE35N2dO+fU8998zJ2wbLlCQxSgIjYkXQI0XqbiPak=","+/Fy9Ozrz2eOMtByh/aS6//t7qiKBe+ejRQBR4GfzOo=","Isao5dWfQa/6Ol9z+LBRR9bLhUjZmpvTSVx6IVE6zvE=","NVTIINuI5QfBiwfkeu0iIRAcgC+Xj5v/bGzlDT0sm5M=","bZfoDVWGxJnunw9i3A+Zq6brPbCW8kGrh71259xS/XM=","/2mJblEC4bINQcZcYN4/zK/OHAQ9wMmEAQ5WVjteqIE=","dpw7lD1ckohbp13ZKu0ZenbcJc96Sxq7tHY7CXE8kS8=","e8WikFjmxILwHVtuLcN91KQ4zBriFXi9ZWvOeyDyvu4=","dSCsSoFfhdZmz4JeJDPeKagErCBvYoVcgm5k5oewf3M=","9/DYH8VbV8DtbOUDnYhg9LcZQTxGxQsGjKBa22YcliU=","fphSbbp6UDEhQSSWALH8PGnCJkae2h3I1GTxItLE1R0=","aLL80k41+RxS6Fq2NhAPXg9DtFxirAVaxzWjBlgiuJA=","kHGmn5KiWaXSjs8ZeLkyBrbDwZVqWa6m2F1IZxKQbgc=","RUOLDLjCaY+hwU5ZR1KRGRNpMvDHTWGv0AwMa7yLGu4=","hB2FDt+lW5DQsY0vcgzhR9S7vezvgFyZkY3tuXLMkX0=","xMM4rYsf/n2JKrM6TsrvurEKTN2Z2bnwuSpAu4l7KL8=","g1BCdzqjlL7dM5ELu6aX4Bv25gHaeVECBbQQE3te688=","LiZMp687uZP5zu6LjtrMIfJ9k7C45S9kuD681lVPZNM=","oC7To1+W0VPi3aR1ktVyQLF6ADrbJifPXHekeopdi1I=","Qj2Uqkq3kuHUCMJzl1A1nVi7hgOpjuP73Xc90j2xA/8=","HNrzw7rUbY5MvbyK477ZgGKz6KA6+I17DPSbtfZBVTY=","+ll9N6CHyorGJ3UadhZIGa5C1B+8UBfgbQgPK2uMiLU=","rL+20WOWgSc8AaH72yl77HVJZOe3wO4pS4hW4rFaG7A=","L0alLEt5CgpYSq0sezHuwEEXHyONE3GKGcqFk/sP498=","4LRdh91rDCuBZdNZhOPhyYQLQURJ4H0D4rg8JQPBxYw=","uEiEi1QtBkyF7S4IV44bHpPqJBlfafCAUYBkKHHKEHQ=","EV1tVVNA2onSLxEYkQH9+DV7X9qxPwlqQ7k6tPEuEMo=","y+17Gmwn7VdiOJt4ozJACHLsEYt/96ma7r9YnBvJe/8=","jsGGn2ETY7a7Xw3OZGf6bmXKZGaWXVfdzjx+OC2rh6E=","PLCnjfSzHWEVngeUujzlEKn0AFIOVT+MqGyQiC7Yidk=","WbQY/y3WL+ZvmIPRhKeHiBOxMYKlDaYwpGotZIpp5Kk=","+nMsrpxQU0na5bZO3Mr4nAMOS0KxfAJMdCWq28Gez6k=","ADiX2K4BkggNl09oNWSpjSko0cb1xxj3qOBRSmnggvo=","Todp8cwH9FPM7bEdDrUR9SD3M4TncSJjD5zoRls4Urw=","XJy1yfoe2DSXNR4hZPl8ALreUQcXJ3Qb3d3gyzvYiUA=","YxkhuoXLwn+dJoySXN3JLwQA12sRxUcPBOF51qfyzRU=","OggUECx1LVOe2TKCLLkta37YmgKPL4flNW+3C+FRCVQ=","8mXxvOEumqH/v/IgHSDVCkFZSvIJ6cxv0OQl/fcgTEg=","9h01KdOpn7p9Mhf97hNHONB7EWjPTGA4XL150pjjzlg=","EMyVjyAOJg192Veq7+elp1OxpughU09eVRYbujNd20s=","0udPLaVCcIiBkMZImWwRfo4KyOjBVOXLYZRB/rR5Kr8=","l1jE2ZxDqKUMSMiG3bJCOrn4cf6JrAOVdBJ2mO1z/Lk=","vp3dcIyQ5rxkXve//+gIGnF90F8oQJtPrCdPG7KzIn0=","qdRVqaiRCDFPLYaG/NMuWSS9YUU6AEBueTDzTDiim5w=","joDhxeFYTYfUdTCplArsG9emjWwMdUH6asWDqPWH7s0=","ei+uzseJZIR4A8xe1Byw+R8tgYVa6lSfp5mmvnncM+s=","397fMVpaxdlVA7iSAKbKOF+6zX5KREUWu0d01Q+B4dE=","BKpT7PT+u1h3bvQ9cOVQ2cfmBLG80Xb4TzlvCIBujTI=","FcOzCsL9JiaFGyoTvp4Fj3tWt4M+2O4BOty3mLAxiIk=","V4pptQfm0mNdg2wA7ye2xSds8Um91iL/nrRT0tD85No=","JOeJRr4Vee0Q3nKHFYGewfcT26p+g/dyQ6JX86GkFI4=","HaIJtgszPm5bxEi4+Ldy0uxr066VxEsjsCPXbymE/iI=","RFcP3wXcKm3BDZEplTzlB6MgprNT1vfuSAtiytNEDPE=","FQsGC64DqSc2KlIV9+Imq03BeVfh4ItQk2F7Ye/5/3o=","lvEyFUXmW9ObBr6oLf+z9vcauREEY1ERXSx+/OZjdcA=","xTIcrHQgNSP+PR0o4mUQJT30MZPYHxHpxDViz13OMu8=","7JYUV/bPmn8SWEqhB8Lla1QA5l/8Tx5m+KhAYsTsB4M=","UslCMtEGHkiWLPhW9V7NT4q08DhNaKBY3FLrylzOvnw=","Pik739vKAxirda3ufUy+3BXSFa4ivq69vgI500U8wR8=","ILTiEPsuXYB/NSK+HM85vYo6sNmU0/rU6LF+R9NcAXc=","AcAPsO4o55QRvUNbD3CKD1M53qoeu7HAY9+dSyn8kGs=","pKxkePIo0XMoOoaaKNVELOttVsGDY4HxjqK8Iorc6U0=","bRHVqHYhMzYfeARMa3tnjLxOdSZ+bCMcTRqLgTB16Vo=","oZw2MPs4RkvXs7qZg8vlErErm/GsVlb3XJ+15b2e1xE=","/oqnqDrUUtqoV6hMKQrW6y2n6EfCVTL5ZlfzFwMMPTI=","xiQBH6eIv+JOd7pV+YALXr0ziw3+aktQATSUDBL8Ftg=","R3HGZzzixHnvtKoq9qjreo2GQPMR8QFwgSBA+ETiaMM=","R1ji+Ezd8lph3CEd7e/Uewb5UqndPLe9zPHi2ohegoU=","cLJkWFh4BrPNGaWUsAoY+h2nVJk4RMkdSBwcjrTP+fM=","hJmxti2/hHzuVx736WLFKDOnD7KMqFrzcN7mrBOmazQ=","Ot6+fJ2pKVhyeGMBekWsAfvHcsIUOAMGudUP+b+91sY=","uJQSB8h7P7osYYTCHmDlBTMgJAkQRe+xoVEhCqnpdk8=","99jEL/iyl+U/SocCIPRt04rqAr/Cv/x+EwpOdMtFK/g=","Ye/KUzVuh2OWbbaGl4aoBind8Ze4r9fbFbvdgXL97T0=","w0bQqN1ETI56scuF6/E+upUnfxN4RjBrK8XFjaF2l5M=","ri4sTs3NqjJv+yvnfmOj4KedU+YVoinLrTKZ286rlLg=","97Ub//UBRpjMVl+eQLk7yu6dSKQ3+yvHlSmhHy1SiJ8=","wCEzpWjIY95RI3vLeY32YWBAMOZV6gJsnCU4ZLpRx18=","YLNz7An+e1juZBqdygrjANOLJGJriUVbekEEUeyRy1U="],"block_size":4096,"path":"libs/font-awesome/webfonts/fa-brands-400.svg"},{"block_hashes":["Mc/6H6t/LKW+QyVoph1lho2aRpeenYKAqJ1h6gLvUC0=","AEIjXHaoepIMHuPahA6l4MEeGmpl3sZG2W2OmMp6mVo=","tDc/60/j7xQUBXikR3x5Tm6lJ6RjqJ9ck1V28QzGlu0=","a8RiKTRXAq36clrB0Q3DoOSyVQS+Tu7viJvtdcGgo1A=","tMDMY/s8u692J4mQ/hO0PPR1wyQ1pk/xR3VVYaK0Dn8=","TEze4Xc5l1cCVuJkIbGR/hyDsPEJWnOUBmYMn458C6E=","2ONwhpDztjReTYhALnUr/W4WnzrYrQpF2u0slHWma4s=","SFzHn9aL6p08OcAwWoCOGJBoQsUVZBf8xQ3udI68muY=","NecEESamACqaLFIFAqC9hPVTx1mu9YsuqdBjEtzgypw=","ijpKXg7kpK4SKDBROl+Hd5zQ8/yKAHxWvSwS9mA6A0g=","k7hS31OZ8IophVO1qHhXjFI9ZyeuuBzYGTaV/6P66HY=","mueBmmLI76YMyTFREdRCupRzYGFGNWzLSnDXW7x828k=","j+cppy/CmNRsWUsWwFb1yya5nukwh1s4/0BQWwdug7Y=","cI8Q4fnBgRO8WkFYNMLd/trwwXtd7DiJtCLTKkPLRrc=","BorWDNM6ck1cyTJQeGBB7bBWGieOFUJCD/VxZIPi/uU=","NbGV9+Qn9HC5qX8ozl6bE7s0RZLFjGD+lE59DRyt8X8=","uXm9UI38vfr24mMNGiMNulqSThKYrx5+Z3Ek6+0YqGg=","1eubLJVDVSFr4UlFx5y+hExrFhDBD3OpJ2uqdAT/G9A=","zlGiTGr89LnbwezVewxEOfRPO2EuC4xmKPa8J+vssS4=","Gk1ZE56X0gsxfrfWTj/zCzUIBjn2OTxR6WktIQhrAj8=","iCDdVPFCKgn8F+CiSerP7a8/lTRDoN49ih8jPTu9b7Q=","dFLLTg68HlKvuuUpDGSmxGJC7SX08kFdA+9xv3D66p4=","o4GzQBCHdddEXl9VV7LDtc/ffqkfl4bYSp/k85ypzJs=","aQBIvLPgzCCJy+Hm+Yb7VlPvPR5fGvw70TjXaGegigM=","NObQWGmDbFEU8F9BE+OZL3+USeL4GrRfL/bkf4aG1S8=","CfFnPfhRmf9b6WUbbKvTIKYrGQAdlKBjuBqPxW+Qyj0=","GO58wTNqjyOBv+caXCnnd+Ga7kzaJj/CV+Cn06Fyb/4=","bxBMAtrgAuh65n8+Xq3f/6iMFa0kePu6Z62D4ASp9xY=","ZnIfEj/Z3lccF7sRs9ycD9QuG5CFNQ8v1U/KL/XmJW4=","18Aum6Hi/0/yAlm+dCJq9KfGBnmruY+0AhDBvrbjgps=","veGoJo8ULmrKWGy1d/TUUksvcKpXz0ppVEauzaQnVN0="],"block_size":4096,"path":"libs/font-awesome/webfonts/fa-brands-400.ttf"},{"block_hashes":["8z9irxrhsFojWc57WkVnGS3fQ9FID9eS00jk/kRhIIc=","P0NatqMLGLBxKD+O6GI5BglC8Nn4CYB0VIx3DfIKKKI=","e/voVLWWypZUIu5LxANc4eiJRAYon+P0IImfOvWgxXk=","hgC+e6QE0nmI5LJOh2ZC6wLR2VOfx64YOLf5lNkdpaI=","rccdn632L9QZ4aXmAP+EFxxxDUOvcjHndCig8pHrb2E=","oYshMYxaDkRvEKNn6VZ0p7xF4r1XDrF+W1KWLvfafH4=","NPQPz2DHy2QjXOvIEz55Pcn70z9dggZVtL9H3tBf4YE=","LJ3ijg4M1kNfl/H/w6Kt0UWHSkG/7pAyNIzkgHlqCh8=","SOOrYPZOZaRA+8iyYqooVTSrt96zRa8EtqQbRNekqpI=","OpMcZizIhlu3hICT9K4Cb8uWmoAsH91Keq75lDwVE+o=","4rpw9I+ed7coz7b37ecKq6M/5tFsMk6a8YrmSTIQB38=","NvV/ratuAPorkNbP9BURwACE/wFrdRkQlOUvyYSRSQI=","iPTg9hoH18abwcrrWlB7xIDvD+MXyBgxwosxxWdD/vo=","p1CFBXnp4hcrVK5tnvdOQoutycMsakDuC8zJsdllsOY=","Lc2W2wvi96EBw/os9gzxY14KWVvZgvKyYMozlmiAb/o=","in1A5y7/BP+Oqw3L/ORQYp0Lno7gQ1pomBis98+pLuY=","S84bOtQ2ZnZjdRgRveozjb0YQlAt9iopel9SeTxlujw=","2+Sqaff7KqU63LzrO+MEJgx0g3bxqr58r/jXLhcPDRU=","Vzc8Xp+1++FiycBsuoWAj2wwiLo5re2/LPBqQClMaMs=","b/GnAdfIH2Ho3gbWa4xs5HPTWnokgGVsPPhIU+LREwI=","Cr9nuWm9M3nvWfxO88kwI+11OxKnJnLlku2SFASADQg="],"block_size":4096,"path":"libs/font-awesome/webfonts/fa-brands-400.woff"},{"block_hashes":["TmJ5PXKZasP1iBicWTePuBNY/27A/p/cjHF820SXurk=","K0tDALMMJUFfGwypHQUaf4p9Fs+8QonTEBQ7ubIRgrA=","119viX8DKi9kbupUeUOMr9WbBIkyWDFX1VDn5siGjM0=","7F3a1Nu+J34Ep29kpzY6NLq+ILjzm7t+YEtq5gpEcYU=","2oATdEJqkQU862mgWW5SEYOz+PaDdVpq3J/EqRWHij0=","05gruNinCDO5psasAcVC1FiAnLyzIEGomkOEJ+C4ZOY=","7yeW1B6NPALLXzWbNRorqF0JIcR0BKedP6PoJyS+1yc=","oyqrv8pvF+h5sEr6oN1FDQkIYQLZAUuUD/Zv9C1NHao=","JOjHKfOacPKNh1svD6Pi7xP+6SRySMpW8zCbHkqlhZU=","QLiA6Oq8kHT0oJzW8hSqvgZ4iB5i5HCcAi97Cxlorwg=","NlcOmeU7bC9QV/GIp+5mNselzk14M+vos2v0OEf1kGs=","re61xr+rlKRwtWJcW+tbOYFL7tjfQ0di0SqjaB9doXE=","FHq2pUKzuu99JHYei5nCHaJh7kQFQVH9ndkyuQ+WDq4=","6erwU9ufGVtiZrNJ+22CvXs0ryP6IGDEDcYUC0L86zA=","F78G5PG4oz/XPGfKN4EU+mH3UnZepjjjeWIxPxY0H/E=","bcoEpHN4Yn9Zmk8iMRxzBq+SlR3dxC5lWPy0WIyMIS0=","GRuCog35rQSvTZZizSAYQdYZ1kvPjqLee45oFYjtRkQ=","4AauxxoBWVkkTdm81otZtglAfjPsvA5z8EChKwLmJiQ="],"block_size":4096,"path":"libs/font-awesome/webfonts/fa-brands-400.woff2"},{"block_hashes":["h5Vq+0K66lmlZg2S9r+u1H7CklMMXDNJJ6GtfJz76Cg=","ZOIH5sbChMefmYjRUN+jSDe8CtTrFI52a6VgVfm7Ny0=","eSZ4uxB2blnHpX2SsxzGZkFcBBXhyS4jA+hct+q5Phk=","fMY4VrL7fgub69xZlTUmjo8EaVXX2GFjrU9Px2dKgww=","xmukSnxcHn+kW+7OhnepDFWvvQo2WCsjM+ccskjPUxM=","Bn6ShvLK/zlUSJLtU6qGXsn/ZmoUYcIUEyqdHWGyAMQ=","gWegtjJyH1Ak01syELPBNj7soTAXUMcofZxslwPxAPE=","UnMEqdmUVzexehuizC/Fjzjbw+/51TtmOru0R0Q1BbM=","bD7jFib6lNgWxpMojGjUlA44Si5WpsxeldpLpoDw3Lk="],"block_size":4096,"path":"libs/font-awesome/webfonts/fa-regular-400.eot"},{"block_hashes":["77Ujfkxleq91vCzp1gsnNwu3ijUGoWo1i5M+Q0faFOk=","gF5A81irLs+LSjyMYY9tloFMlIT1sK8Z24QOdoeJq2U=","ntKqHuTTRq8E5MKVyatDxPsgtkjv29mIXiwUEq7eKus=","iziB5o/ZxnzryWqZVJ4GTIxEIsHI6iy/ZTZNN0m/bpM=","QkeyXV5NBHyfmowlLqXFIw22Wj/sP+OTJIlCj4qwKe4=","U9W1xW7tIp8OKQwkxtpPDiun+zE4Qpri5B5JHxlZzko=","hG0LZ+gSoaNaXNNyOZVn0Ur+0ty+FpduDghBY9MffEc=","hSGBaNhdLlRiYHSkKy7Z0HEt7zyQ9k5nkmO4IBfRr2Y=","deg5uO6gIE55GtrnphJzedYMQkGbZQx9MCerHY6bKMo=","3Xci2M7BjjPuXAEQ9lrfkuCQvMvpev94WI/Dg/DsTUo=","rPcvbql6PDh3YJCiPCYmaspOdip5aYBhLhV0QanYiQo=","/SR2t7spE3rHpi3dFAlIu1WUrY9lBaEumVkbxyzDOAY=","DU1ExX3PuerCs9yVdNmpnace4+qhUnCMrc/uW0EvBf0=","IdcC3gaxGXpEOewk6iPHYRYk1+KUlfsC3rZ6xYakVmk=","DF1iunpxCF+SFNyugZBS+Cplr+c5Du1tB+d82Ibnq3A=","XP1KPBe2QrqEy7d1YxzN91MCCDYMMP0wslsQksBcBH8=","EyouwBMgTJgsCSskupfPs94p5HoPqt2EemDrU3hT/rI=","LNCkBL3JC9+UrifcsNWNhd2tXLnQ3GBxb1Vc+AxkyHo=","r+9KfgiXcuZQhSyYJdNc6/y/0PEu2BWIdzZfmQKXbVg=","kz022Cal6ebCcYmjxWCLIvgC31Rm890i4qlJLT28pBA=","F9VxV0edKgxXoN0wg66m1/Z1oHCaJQ0SRKs1Auij1m4=","m+MbKM7upIiCzCyY0JW0S9Az5YNB4bJ3rAwrbXIJvLc=","Zv4CYgYH4ms259/fJImzwR/BUk8tWmMtkWkBmMYitUQ=","13GLJ9RcTGUtHxGDPwwWXmvO/UH0JGsnpvoRP4UK4Xs=","e+SI7A3Kxx+jENJB7d12lPBD8qJL873mB9WDd13HnEU=","ZxP3hfVfwwZS0ZXpXmsfiwoho4XqZikyiCHVVJwaktQ=","4X6q46lV5h4G0GenMAJE6izc+OKyRTEAWN0FldjUJBo=","OsMDjVv6nW+BIgf1p89Jl5etSge9FTTrhH61kiEIxHg=","RvgsgGdTEIdD19+8OlhSfVfiiKCfftwCC8LIDdIQqRE=","F++MU1L28btgZoylVjNd973P2tyRwZNTBCGmIN8v914=","VD6usoyp0Gbik0qV6bdyQeuy0TFixQDY7sEVKvSYFOQ=","UcIzXNWqbcfbe8ERvdJmmfv2IgMrsaB8/JLrAgG+UuQ=","xfgLZruYqgWbxus/SJqGRd/VpAP7dd+2CKPNTqr8B4k=","3v6O/xq/s6ujkZqgxy7aD87C0TnQtoWmSlCCk/7ubAU=","LwhtBKtk0OgQWQ/XpQINqSQysFBmSeyQX+thVkabDg8=","yworraaqA2/YEnT6PK5OJjn1TqzlaNkDRrv6A6Zsf+Y="],"block_size":4096,"path":"libs/font-awesome/webfonts/fa-regular-400.svg"},{"block_hashes":["e3V9zm/84ci0E2LD+Zmugryglg9I36+D0Owl3gOgvsA=","+c17UEleVFjYe1jNZFuUW/uXcHJTjz9GKh0cfHo/7gc=","n8SxXNYSuLRB/1MHbZDRq+bHVCA2/5IQOmWIRSTrAJM=","DrfBY4F1X4aUfPVKXAEyjInC3x8Qa39WRndn+5rimPM=","bPzCjW+F4r9uBRLWM3/OljDzGfr5vuyQj3KTEs0ZDsI=","n9CVj7s0/JP6K5wZn31TyF8tKht5Pq5ndK+QI31ba3k=","rb2PknOYqKYFXwVZRwNfkxm7/zjT2xcOpQ2tWIaD9wg=","2GKXUnuR1drNhguDgO2O/VCGSvFBDsP9nEHF/esz7bs=","OMRqqeP0cvYNlOVeEeph1teGLIetBVMoc0PmCxucsGA="],"block_size":4096,"path":"libs/font-awesome/webfonts/fa-regular-400.ttf"},{"block_hashes":["3Eh2KCX+ewXFtVSBILPqJ6kN0OLo3DrGRQoWZXMoM9s=","4jtYG27F2S5txvhxAbwRkCiyZy3LKtaWziCTub6OmH4=","uZghJ5s09qWiEe9PPuCA08GooWh0fv/CEE+0F2t3tb0=","Yw74wLCjPpRWlJkJIts53vy1oJ+HoGpJIKg+umr3mh8=","hj8RLmTT0zhA92lXGCp/yJsIuSZPO3Ap01yUaOlIl4s="],"block_size":4096,"path":"libs/font-awesome/webfonts/fa-regular-400.woff"},{"block_hashes":["hfLsruLp0kIJ36DnvFlIptzn1OxQFx8BxRPaXMw3/CM=","Tysls2KZ1Ndgl8bHeGYjcs7Vu2Bv/H3Q2EQmCRpT6iQ=","hOqf39Yy1pm3RXrphZN19fyIXxJJoLiHXBSkr+xoIrY=","mMrnKq/9P9yPspt2xdASUOFvuQSa1ALYjIpIquvrE+U="],"block_size":4096,"path":"libs/font-awesome/webfonts/fa-regular-400.woff2"},{"block_hashes":["bTaKkARdAxk8ETC8jNsRMvFZpUd7TNNzf5c9QjcuTQ4=","J96bOPdK9WX0zlG804CFFcRPd+/tKcqd0LUWZ7zCK1A=","2A7H5akYxiIgzM8F3nA2ckcB9/e7+3sulxn/FqCHxXo=","k2Y6uJTthWGNVXTN61pvL2+1xjdNbRDlwixJCystsvE=","pRJturYj14T8WTY+XpI4s4rI5fMlYHV9qsJ/yRTbPCw=","aI5zp1a9wRVCtCvy5YjqS59OOpI3/3A0wN/KoDZ/Uts=","W0Dz0v6fvICS16jvIsDfVz1YmyWb4co8GVD1hS7ifzQ=","0nkYKGg3fh3D5umr8AH5i10hRT1gpIRKj6q2/ePtmIA=","0IAPmDnopJFU5vKJVHcy2oYLHe7WZ9I5bDGCpjNHRgY=","0Q+rjx53rJCZmiZwu2HeEGR6u7sf9bb5QuZwP6Lh3f8=","Dq7+TmpH7+uUKLKT3mli4yEr8Hm1yphbV6P1g7U9tb0=","5h0OXSMAfLYUDAvq/GkmDWdGm6gOfH3Thh/onN5qFuQ=","KmzikbLMPKnme0og956Lu+llp/QTqwd3AqirLckVR2g=","BZB+/9c3TPMXuYuX/NPKRQrr9CjOiYtIZZ2Z68lhe0o=","lzQoVa/HINyFT03unWofbUAjTgRnHyVVVH8mvE81XV0=","1WM6YTBOlFlyWuYyqevjE2GVQtwciMWhDdtQp8W2hj0=","UkCZGuUaWW6LyKAWAuQLb3kHAkUYXCdjYfXo+zdp1Lg=","Fe9xkEM2Cu7GD9BDaQ2XsOVhkIuTAc78u2NfT4c2bGk=","hhU1WPWgW5S6cjWRomYqBrEu1WiiDdpYcHM8hQ6N1vo=","qWDYr89fJBLQz6Si9O33ZCOeo2uoEnkvrA4EpVayQjo=","Y856G4wlKnyP+dTlQlZGXQVOVLDIsqCg3Z6Ja3jZJ54=","rZccSlLM3PIVhoEmTQHDN4+GDKTTUZ5slHctKPvGavM=","EGEsw7449q7juTFcICfiyOw410tmDzVlloPENGyydPE=","8OIGSoPi9kt9yABnRDH7nAlxnbzHx+GqKuKuj37VuJA=","MZ9tLaFVIUkrPrTYpZJ/4Ky1uprArq+pCZrArwq+wCY=","cH5MwrBnXopowevDkWh6l+TgUnqGligvE7kgYEZ5lh8=","XgmMT4b2XJToz8JDQr5duucXW5nvaqSv1AyEma+nR4w=","8T1JR/MdwNIQF8dUa8RXMtiyK9imsoN8RO4/IW43S94=","hu3ndxmhy72XbokzKf7EuiaZRSo2OGIXk2w0C0mOqJk=","u4BRmIGF4NKo4aqXKWanWpw9SdH7Rkay3wvQfM/UzS4=","uVFH9QUuaf4oVON1Hitr3woVGQnq5x5M3oDXeVj1au0=","ufgdPg945bAZEv0xgCrBX4a+20x9LY+L2FT77nxdrVY=","lQpa+uGg3zZ9goJ1TzMj9P0n/SxjiVSjrliqoddO/SA=","XaQEmd15F/X5FUFBBIzWbK46f/tVV5hGoZhXJDJ5OnI=","SJ62IV7ltCFh5iVaSdZUcWe7p428QTHVemZeD5RCC6g=","Z3SUCOAGux3NB/HiFHplF8odTAXrh5if7mV4gvDptrg=","p4PN67QUJtP9kCESjvtuZPSzDG14c99KJTYUTeheBfA=","gCqA1UOnn4SH6WP/PKTPAfXQJMVq7apVf4QFL8DARVk=","UBz+mtSA6ALcb835Foo9arNO6RztQ+6+PVmal+Rib3o=","uM8trbHrOFiMOTbrghke5PhVpmiwBrJRY1ruDG9F/eI=","EGMwHW15ZRHsi6CW/deb2rtDdExkXn5JalePQaZ1B7c=","S6z+nHhxAbf1hj1L3mxnfByiU6jEigpnOux3Cr8quZM=","BS9aH8crZuVkE58GnJ85Y7/fiwif8p03k/5PpAOO9Vo=","HDaVRIlQXBAxJ9xkmTyfzx5bXRfz2fEToAi11tS2SK0=","amjh9lhtMMmuGiZCG5iMbkak9FSX0lk9ciBRPernmj4=","RZj/hXBUJ01ezi5jCZrEcvvb1STTbcbkEUygRIYDOkM="],"block_size":4096,"path":"libs/font-awesome/webfonts/fa-solid-900.eot"},{"block_hashes":["fT3QGKBgHMNWOZYxjzi2aJKgR//jfb5v/8XgNdfaut4=","njv6cqlVrsocnybHrtKzjp8+KpGP3SL0wi6WZFLfsME=","At5De+NOi3JW/93XSqkarWLOM8xzJG/znnKAk3GHkC0=","0oIlA4EWaltl8RjZodd82MbCrhP4jkKGXjgQw26He50=","ealiGMqPmgqB9D90Mfs+sR3Uj9VfShUGbQ8z+CUpOy8=","oG/8UAGQv4az5+QTYWPmrgBGL2JUlTqLLJc1SpcdaEg=","ZLwgVoJS7j/5hTVafDoKqSpnxn793/jgzlklxLEBZK8=","1zbRC42HxoFBRvOCQ8UZ7Z/QO8hA84Wun9XJ3O644NI=","6yrptvX35xiA1YbE3WqBtjkQU1aaQ2JkJdUtDugkUNE=","bky0oNq3FkgWEHRL7T39IwKhhGfptq5s5xaM7EIwDAY=","uQ1cBYj9TXbSbFVHCFbIKN8++wn0Z7DrVObp7g8nNFs=","0yCZQhV83N3L/YjnPl0I2igfeYZjpP4RXmHAVPPloQ0=","SOHs84UduvCwfgbzKIQBezKncINfqRiZPEtZO9Lkqko=","zs2M+GHn6AXZQZ7SUNevs4wZYnrFQlWc8OIKtEV/mTU=","4j7uOW4ZyiUJFeD2c6aNyYzMBQN+4lBFgs3EaFZOwBM=","yhmCSWonexf/FmkkcGJ9HaBmfpXabc0jTj8iYT1YuY0=","5Qs0kEHjXLaKt1LWkL2mtIMmCW4rKTAeJRuEIc5+ANA=","8OniuI1vxh0uBT6fPCe3jd5mRUDUTz9jL9RFTgx8yek=","FMpvpws0sN71iVwyzSyL7KvC9TWv6A2SjvKqKFFP/fE=","ZyDRAHv04tbpLawNb5sDT4XvCWWTNpSivsI8skbKCUE=","74ELX3EPIrCZOjiRYmfd4RJ2tUDf/j/wWc3P8eLCNCE=","gHrOXUgjpiVGOvKV3m9VWc/k49bB7kQSswcKyGBiKNY=","So57Qp5ke/QM/T/vw7ELUJzUIcdlS0Dme7EN4VxiCes=","jzL/QOijp4XbXmFyOaG7yz7y127e29thCFwhZ0fJqkI=","3Q2dg+c5RP/crDZViduArPjjPlmHgDvoHl/t1jiOxXU=","PsHcj9UWluuQiGjiedWIM1m8qnJDoynhrbDStoOFmuM=","9LzsxhSOrFJ5h2QFrxdb2hBk+LC4gXozjcHlFBQEcVc=","zN0KMtv26cScZinwgctnG4hZBrGMqYOJXd8kDuYBzEc=","UjkDX8084mzVdX4Qm5w2kGhoeNwky+WTvBbDQlC59gc=","DbrJC0O1nFU6YtZcfq6afLjvhvAkq1s1vk/MLQ9N1s8=","QLS+DoTv/tjUVlF2VIX6b92hGZp6nwLzHoUaWhvqEtY=","OrY07kdRAUSilkfhX7BuB+LO7iGVFxGcB1opUqPD7rM=","bVRFMzX1ZYj7pYZilpsHjFTf76CqlgVgt8T5uenK+xs=","2ai+li7G5zzO0OI0MIHb6mM+lXpQ8coR68nQlRhm7L4=","qhvmBWIFSI4LMLyA/bvYzzsmWQ1H7ZXCN3NlEAdbjNQ=","Q2j1D9L7t2FOf5otmL/secrt1CVZ9OwPy5OobMC7Umo=","KdfIOlvknTGwBCVA7OQr++SMG2Xt/QJmWhWKqK0UBfI=","TeM3YdJbEra7f3m9h8bRMBuOyX8t86v2JGI57XA+6Bg=","22T+mVfoLHydxmUK4Qi0YbBhi1KPsCtHlE0XgMlc1ew=","hr5KbxTbSgvAE7Sh/xu2Mh/hDaOitFSLQ8ZumdVU8sA=","Kb6X59b9MoaBHAfNzjoCNvA3boYuKe0tsXxw9D6wvOQ=","40WxyDetNke71WScXsQtlexDbD+Y/Q0mE7FW35JONL4=","9/b0Djrz+tqxQVytbQBiTkkymMuVqNj1fY3B2JCXKQQ=","vPkS3VxYPGMd/T2DWUtOgRdlZnZQWCA9B4H4W4++K6A=","wHLZndAe7WlWSq2bB9MDk2UHWBxkhWC/S3V0gCmHKdM=","R/6MCSBQucTpdVqfAu09Gb4lYGDy+looEgfgFsFqy2Q=","PhxHSJz2RThKXUo+aXCROpnQYHSyN/geL9jGL8CvRZk=","i/4e48ECPSz2JRcgwRmtZEjjSYfMFJUSJvKura0tscs=","KMqe9P/JWpH71bRqxFGsFbAueekHG7lwtm+l5gNmssE=","C+sEsgZe4wsaUSf27wEq+9WqqOxT2NJlgf/KwZKg9cQ=","Ku5ac9pLP7R3zugQHroluwo4bJxVJuMdUbkUUw5vmzo=","AWXcIFF6KAGe+3ZKj5KwUHurxpuL9KmKo/IPi9sjBxk=","3Bu+c4qP2cZoM2pTKU49pM+XVQezoZ5cZq6fY3piO2U=","RCmcXKhZJTzMyEOLpESoQ2ob5INDlFP+UPp9Ej0WT9Y=","yIDrfLbPvd8gUz1JeqlF6dGrZ+re7xa5KN+3zTVM3EA=","6JOmlIperEsu1gdWNyOvbnb/YVXPPW1YdxQyxz0Gd3U=","5LqIeTQSj/GmTWsiT4BQTU7lxxtveP+5cNSzh2dXDs0=","JD22R/YJD+Z3zG1PBy5lUQkDGBlwJbWMEofX4+cHkN0=","6NdYww2SMyVxOVF5BgD6r7kFgQuZ1AquidiMbtOo+QA=","zqZgOhBRAQxQn9KoIZ3hsugw38RHMBz2SdqSy9c6U9U=","ceSEt4HIzeK2WEwJtBy7JyZwYRl0U7wfrrqyPDJb0Dk=","UqJ91H0LwwbxvJ3vNGAbKVnMgXQnnRyoI7CqIMY4UP8=","NxS3uFuvZ/suOcex74+WgBnO2LfyKr8h1UVNVxGV4lo=","kkSypKSrQbQAoq1zQjQ5XqpiCwf56pKDBTMfPKKiDaQ=","YlxyhzaDGmEuxdXlT+bvyqBqZ62hdAj7APn3LMGI/iE=","CGGEJl3pEgQKB4re/BPHFjaKCw1f8BNr0r1+BvPmCn4=","runnk8BR3CFvL4sCT1BtbLgoqfwEboGgtmRCxCSeDGU=","MJJ0ziU6mWRWFsaHJOdoPPKG1G8hGicUQyRMnjsLGsI=","OWvdP7zp608k4p+hGa2Cwni8r3hTyPHGZh3fxtLkjnI=","roLlgo/3plKF+c4Yid8pdg9vxMFJOwVWqSK389UOr0c=","ieqrcogP1AK1itU9eisvkjPH5VxUvDM5kZP/xrRRq2E=","IKiSgGCGoU2SsnIXlxXGUgxTppIrCCFu1ClUC5AMHr0=","G1TQDZLLDeYFBsvm8YruDZKRZs8zz4z05lXOKG/+Dxw=","y/a0rxt0x7Jv7p5yRX5Cn6HhEhECv+Hzw5xQHYQ7Bgk=","8RNKXIf+RCXhCa9FXh4pTAnZhZG94l/iDFnxy1R+MmA=","hBbnJMxQzKYP27dNjOjCMehK29tY5mQy7VZFb31eg60=","W1rGfIqTmBfy7D3WwtWdIf0Ux5YTkN52uN2cjEIOPjY=","XGyEEsVuvhunV2E/rI2w0RYU70Mro9AMaDQmhRiGUHo=","MSXVgUoRZyk34oJRAPZb7fYAq8GcVEfksKxSQrH8BFc=","xwWpcFpBrIn4GXITwRtz9s5DbtcII7NwylYVbcgEeUE=","3vwvVUU8rbwgf2Q+5+gWyZraXpkFtn2DhT3JjlP1z8U=","0Qrp581iEZHMpgpkf4bLI3ARi2pXLxdGcGsjFV7+8I4=","cmNdqPl7dvFiFviI1xZ6TKWFdBLb8NKxKw5qDgyjXpA=","wWqlVb8fGq+dY2LQLcE4f7+IHGQf1oicHNmF1H76JCo=","muxzLTkeN5sbaMa6vIO2Qag+2q9YHFgQ7JN2YHn5qQk=","GCqMTH1SjhZZrjlu6yVy9RdqGt5G6fS3BSFYbg/zHSE=","OFLMX+bir90+IP8bIws5GvbIgXA/WUL+NW7pG1fxqHo=","sZv6gg7k/00GgPnfaLsfOZyT1aGtKU3ucY+/6WqSPvY=","VSrlxG3PZtScSFTmg3It3a0MMaavGwlfE7MTcxc0+BI=","/Ys414yv2W39xQExca/ZCcGdXPBUo/bCMcKV+KZSL9A=","DDx5jGoLj7+fVM0XavPLL178oECAfGdlbM+ixcvJGKs=","UCxEFeFX+yjsFCW93jTSR2DEvboXrScfnmgNPFwKB8w=","utLW0piJaTzjjGTaK2rlnLBvu3lMPkDWahJypkdwvBo=","lH5ZgGO8FBqZ7TOtIIBGawOGbJfg3MtaVDN/F7qdWoI=","B3MIF2HouiXsF4Gh8OR08h5OX0u62SwoLs/BBqo1Fr4=","Jb9rTNVXG1HFNIFC9F0y0GcpHtcndgFgUnF9uXcGOTk=","kzza86DVqIrO7XZ2VSXKWCs7uaT1TBQ/ogOodX7lFNM=","y/bVeKe1G+fqzRM/LRxUC92HWN/fJPSXHIBXxH02MwA=","Hul5tv0Nqb87UuOZw2JgXATAQKgzTgaULgxHgFYkXtU=","ccZODKOKESBf87TcrRPexLn2Egc9DDfBbIht0TWSb4o=","BBbb2TvXmXlDtbozlEg8QanCWgqRMF0U0JffZnRryFw=","RdFIP9gBVISiNCUVkIcxW5u+3DEGsRSqrdl6odFnIj4=","AKsH3r66J4/jIxLLBe6es2Ddqfs+Py61vSsx1SZ+sNg=","hTyoOWRzVuPgzZ58+RNHUMfWniB8g76HX0UQmoFHFFM=","nvC69PAJtO6H0GADZykGTVXIJJWH+3aOYcPFawImEfw=","4qB0+N6CekzIsCyh/WRhgJOf1cm+VW3+lHvHN1IeBBA=","DGwEeHt6YqXPV42Psw0Jy0w8sJU5uwiJXgzt8k5Pq0A=","8eu03q3/GNsbQXQXJhBGX0LyFq6CK36z/vcxpDbpIB0=","O/UVoNKvFsN65u/Dwhh/GSpMRytgCqe+ynSq9cQNH8M=","2ixm9PwqiUEwVdFNPKMZnCV3/LWMGf4aic1f6ssPhKg=","1DvpeAJXX+jQGxxLSE4Plpl/6Q3NJRIIjB8JUX34J1k=","VqrNV7ivm1eg1C+hBHwCPceeuA0gkftk7e7ESHpUgko=","s1C0x9PoAbw6H4ynujJ63eELmOsIE9gc219yqimvYxI=","4ujL/fmfFfScj25u21lI+o+dF03xhCDxTYbYErGJaK4=","T7bEPKz7qLxiXB0dw13C3xmVcEbN3suwjmzeTdPw84w=","OMKf9sPNHewchil8lVRZpykrT5dJn7Nax4k4XimIbmc=","VjV04feEwGRwFvh7Xx9GdGxnX0+E3YuVfBptGFj25tI=","6UAACuAai+YCM7nKr6W5V9Hja+8sJhAkL80F93mV0sA=","EEjfzbW8ef2iGr1KsC4BjCI4SgWd7ZSiIlpYYNakUpE=","0tTosot+eAPYEE12KZjEyiNUQPV6Rd2iKDDUQAHHLW0=","Y/comgIy9lkvl/VZwFL6gpbimq8IBGHm1uLb8CpY1zI=","0mECXCaMlWuYRLXFLO9jKe8DJBZtie5IPJW14ggstnQ=","wUFbc2jQEmISgn1I/SBenA1k2h6SBoD+OVvGZrUVj7s=","6+g9zY3bPu6EODINN+Foim+HJaHSBpDz3Axs+KcoM/o=","ytZUc5ieioWLp4jV+lmC/sDI3i2wXxlxxSQDqV5gHsw=","G0cRKkN19ouYubedYwMxycmJkcYZ3gq91G7YXaw7ySQ=","IkvwyOQbc6wKqaXWnDMtz3k9Sx8S214Byfyt+3EgbOA=","PQlLuK+PcAlAJQC9pw/w98qV3rh4EIDsG7d+juGlryI=","9DBeJqCO23tqJQCvzDc2q/68AdrtY/K4/pwyc6R9twQ=","g0Qzxolh1wGHicJt1PechczrHhOzQlCcoAhWaBiaGew=","am2M3Yaj56bKl8Z0zEHFxIMhfJ1wLzwnef1XjhFurpU=","4kiHNuFK7x/q8PH2noQ4q8DLsr/qG0eaotkVfiVF8Ps=","3mqNw0d9dUJe5TGUjOhwqUTxB6jTAOeRwkE72i1LNjQ=","FLLGRbveeL5xpbm9rWaZmLgR8wYYlgsqn1YBcKFfJAU=","AYgkQVu7VlJ4cj4xcc65FI4z3CvmY6dtVylE7qpr3Rk=","s4/9FGy59UvueoV3ME7Z7I30scGc4Z2i/THYlqK2w4U=","cnty4MP0+KwJAddDD4xChHIIlHxWwrgKcABySxS+GBE=","qqr3t7J2iGpmRdghSWsUC1iBrYaaQmPvl/lrja+eQCo=","UHtJzKsSvuGrnwJIZ5Wf8qdrQ1nAQKve98cKCj80Z5I=","izpONuuLgVKd6bisU+FwLd3ZecxsxyKHt6sWaa63Ido=","ZB3WM7Rn3wRBRZFHTQDBwXzu8UqnGAbPoApRgUYatuU=","EqqSfUEsxrQcC90FlGMtWm84IjYXRqLSVT26J92hwzk=","C0B68S6ohxJ+Dvoeux6eapVVTe92hugpFT9nAnVv3WA=","7i/7f3cdOKM1lph4OmATU2sKE1wHnWoxj6d413q2JTY=","nf1zEoc3C02Hx8am76oYIiWPIV+z3xf/QsD4R60QHM8=","4izvoKNAatE8vCGT27ofNurcv+LYT1SqiDLVrragbmU=","gIxIiVk1ivbAZEFYimQ4Wic6FHxksrRyPIw+hF6DtVA=","6pdC17Aaf3o2BLQdFjoF93DMg6Om0jHxOAGG9an893c=","esse8ZDnrLYlCtY/m/3miU2FcSuxqhaXr93uBCWqJbQ=","yIkCVvl3My6V3sHsRvaWzv/5YJJ78bty7i8CWxkJx7k=","YIRqpi3tTHxnRfbNWSpXrnAlrLkFjp/jUr7bmTW1niw=","tTdIwexp7Ht/oSFcz6wJlw1dcyrY1vKkQ2To8DLiPUU=","XX+cPSmwd6ac//0h6/AOkDq5KkXvc1Ig3jpPINwKMr8=","H7DB20KQ8FSAEl0tYYOyw92/zBIcwcvy67zXAIsOhjw=","B3crZHnBDhMRD05eKa1aJexpzxGzPcEKXnxS7XXdRzQ=","mAs6jvUXaj/dCOGieAWqqvQqTpGt4E/1qRDNMHv6jr4=","osv4NQuAhEgH81ZOIYrYtHrFN/23qfc+OoT9zlVAhlc=","5OYQ8y35TOLlxGUW8uAK6WA9WoIGwhFT9/zcM5rYa3A=","rtj68XRdyUVu2bHWQZ6KEl2Jylcx/LKtuKMkhtQXoDs=","Ipzx1dCzljBQaFkaOb4FEWM+wm6gnAWRFHDtOAdJJvc=","IdNc6rM/dt0xymtoPlBaXW929Lmfl/hL9bamws/OYCc=","x00TFVG0MII+Vvf8Mi3kWQiWCfRVLwDgHeqkeIMWom4=","TF/BOYEPkxo5dTi0wO5xbhPO8JKZlrRqekv9ki7hsjs=","thnk33ABxlMwHqG0j7BTYjqJx0AB3dTRLP6H2ehbPSI=","CLK+j6T58j2nI6ZZ/5Cb/2+FEzzDQywrCEoCPG5pOw4=","xSN51wRjxqcGwuGMog9jHRnjWkOQLnZG17LEfhrm5lg=","bcJBwUY1LCMaglKqywSNaJ3baJLJEPoiogstA9guleI=","6rti08Pm9NdGlRoQJjjTmtJHEDZom3d0/B/0kIooISQ=","IKLhP+hHw1LjR9aKirr0EF8K7w27irFB5iE9nUmOBRE=","IfvFjA74Pd8E1BKnq+WmxtlBGoTeQx+1rKu+B0YamSQ=","SZSWnGX6DQrXaVfOM30ctrDAYSIfJX8Vvye9hUcQB8s=","67bhFMKoc/9xOWKtsjgLHQETn5ICCHF6Ob6htrk+R5E=","ltgIXY4SsrvMamAH4Tv+VSNK2zwYKLr0G426cpiv8Ws=","jvfZ1zq4quMn29ZzmJWZgZzlD4aWrAkBIrJ2j+aIl28=","1Xi92dmkIHakaPZ3yqo4b9x8OiwmJMWwhQIX+tHEIuQ=","Cpdz18E/2X9I2muQO0Q7ZLGueAHpdI86lu7/sNR1gzc=","TXeDR1covtm4+snFt/5IoflCcXW/p1L2dCjKUdt2rjk=","We2NPxGHF/95xMnFR/RFd9aTCJjk2laG/dZWRbNSvP4=","eTBdyxnOknNVuZeEFJGrbbfhm4L7WLKmx5QgO+G2js0=","F95k3FmfORuml0UWYTZ1PV0NVTUXhBxTBrGcEQG+97g=","ONtSp1DJpKqnVSWsXw34sA1GgXLKpK3hxQbo3R3TGAs=","zFNvpAN2bgk2eIJG4TP94omF6gnXn50X1wAiad/oMHQ=","1tGikJMv4sWYJGkROgUc3xXIU9mo6ttooz7Uh43C7pc=","oc4XZsvW8ha5x2XN27/N38PD+UNB36bWInYgCEHqzN8=","Ib7zpB3Z7GpcLDy67Olzo5tX6yzqTx044n9rlvXuxoo=","tnWAAmF4bekde99UI9aICH3Y180AZp7xpgpOBBL1XNU=","HFPA1W7GWPYJAHD0Ekz/x63iOojs9X8MtPHdZ0WEOLY=","xGarRwRWIHAohb4BjkdQONhyVfyyqE8gUGsD9k8Q4eQ=","yhO67qdkl3lHMizmw+eZbUitEskLyM7sDaAkwPp7ut8=","97xTvFD2fFk31DberdjlcFeCrzlBUZfSYjdYg+lIEqg=","cjrhWsk/HuIFh0vNsxiepGmb88Sfbf0iAcu7kdWB2ds=","ZTSaamA9u0VOuHnSnaw6jqEb6ihOmnhFaAEGAsnlZgs=","CnRkvafPzL5p+cw0BBFbQRcMws/3tDNoMzWsbtw1l4o=","QnoryPDhKD3nnzE+NVptw17i0IwV88MCXc/Ov1dm2ek=","cNjfiYmabHLk8OlNh41uL6gczo17xJ5WlEPow++RaTE=","W2Mjr5S9XY9TPV1w9DIvkM0lO6Ama5txF1/4jcWlZ2g=","wGbBx98Nc9vSnYTYDA8VARWaLfPI21iTUCqO/NjaD5c=","n3f+XFD8rZSr/nhT+aJh1FUUege5hfPCe9NZE4olnhI=","XK/IuEbCXqapdsC+dkl4rC9mTun7MykwE+rYI9F3yNg=","vMTvN0JaqUpCbFMnXk8RSpt0dQFVpVx2P6g1NKD0uRE="],"block_size":4096,"path":"libs/font-awesome/webfonts/fa-solid-900.svg"},{"block_hashes":["S3W4nYljqHfVB4Uhpo/w/qalh3ZBg1bui4bIj3+2pWg=","WpDgHSrsvp0goJwjyqSJPMcir91xIj3YSVCTM5oARj0=","h5atA4ohHb06cM7+ZNOrWw/l2qLerjrMzsGdWUjSW6w=","7DTy50s2IMfNGDmc5XCPo2lJltUwnNy48C0tVJjVpT0=","qyYyD9UYb/p4uxFj5pWkvEifwIbz6iKcQhYKS351ywA=","vXC/6DrQ9nF9FgBrnQ7CRch5qjHf6c2i9yfnK6+g6pw=","U5FxQdYFfEf5Cnrv2bfJPbfKgbNc3/xEKVZmYSkA0Mo=","clKBKi5rk8BpZGx8cihkelIEZXkMj/YwOj3Xd1bXmUQ=","DvtZ/s9ACs7FwYVNOjsidQHVdZOgbAx5FOAW3NOnYw8=","tXMHBpPBR0Z3k9iI/0GytOYSfy02X2bK4eUwHfyqRck=","+snPm2E4CMouBGUK/BJzYYE2iFYxemOCiWEIb7s6GoQ=","M1xvT1FMxT0Y9kuI1zQd5glauRxYLfGOOCfkQrr12no=","RO/RVsTA/29dVGbkasN5m8xOriA7kvX7reirX4VcxRo=","BgVm0Slb5xPLloDDd8U6ytPqfEXkTUIh2q1CbhHrJ5I=","kwXAwN3DkxS12wIFanEbfZ5JAg4lmbRNxEm/5u6olJU=","dx/sV9IYFIDaYpkW8R9GmBxlfLt6+7zWro+HB7lOUvk=","pvpLKhNw91iQZutqCTdDhPeFcuFhECjOARfMnGSU3k4=","pczXyUjtB0MK5Bw70A9qH5DzgRk2et495oTZrg1PQG4=","NLLM/foDHE9cvme/LIM6KM8CZZUVh1ZnzvssaPTccpA=","SQ1vTVb6M6PtQgvitboixL9iYtym3tUt4UMSjEUyWi4=","W//Lk0A3uwKnjDrdh5Fjx2yH3nt4OgU4kFAvcbjI5DE=","/YvXgOyPyYf0r0bNz+x6JWvgnSRZy83nbqzmR/F9Mxg=","XRjnSlkZOEUcOUt6K4BqxQ3F+ove1krb1Kxa4LPMRkM=","6Nd+Q4iyvM1taZtIb7UGxA+9JgemmKYK7SJHdD1LqqE=","owIE2I0+tTZ93VwMrLB0mreR+LV+AlOC4LEkdVwn5h8=","LP+DFmz65UnhlxpGv2E22bDnx1rKOVRFrkSEyBsJ9n4=","mkLMQ8omvoZ2wLc5m7UwJcFc5jquJrWdOKybWQDZv/M=","oyczG4vyP62BR1lTT/4XEHIAvZu0n4y8zCoeUELZi3I=","6G80+9ha/g+2SvBJHYZPRDZB5syS7rVlrutRHAvS/BA=","8DUngTxZDjzu5RkBuZ0qWewauu4Cygg45FxHMrpW/Qo=","cfIxKPc3NSnl+56E05+tOXpMyH+y+TxTI4DOOv8KQk0=","LLQnux2VFRUiOpargw4A2GVswR7fuKTnUy9VM4yUYNs=","VfQWxCWoSzKN2MWVHe6qTsG45XC3KVo/HcIxw3KGwRk=","lxPDTaAFWRlugiS8d6+2xemfa9+dJ6dKZl7NozaD6PU=","AoEFmzTfXayNQ/vxYlYB5fj+E9A1eEsj4skV/Av9Fkw=","MJMeah9vZiJNFC9v5j0qmc5i2+DGcI/ugWQGoDFx1IU=","kseQ4P3p6bmJQsvj75ZuDOoC8VkJ2OIg2foBU39J2sE=","ZpPVFsCSwLahGC0uvB3G8GpnOiXkDP3XsVMqvuVYm6w=","rXr+PbYnchwqLGoK/EWIEHpbuiZCgjjUlL5L/Ugm/AE=","P+9Nvl5Y+bb6tnPsAsfheOZvF5YHMeFDmAlh76tcavA=","pISlmR6KG6JaTYD/X6fFIXVyjyDdyapIUKlZXeK7LVs=","dzxFXzxzvQVrny0mPBAFdgfYCVJNftc1I5VrxnZOd4E=","liPo0s8zMPpqDrPzp8nMtYW5oWUnJIWLYCpQUP2dNRs=","hM/xq75oRJs+Nsv1+GRM9xpSW9RAmii3FHQBDJPNBmA=","TeZcCSH9F012NQHeBUMy72PDK9286RLF6p+86VhvPUA=","xvGINHMSUYJwYAIfRwnds+u4mqSQKuw5WmypNyniBT4="],"block_size":4096,"path":"libs/font-awesome/webfonts/fa-solid-900.ttf"},{"block_hashes":["RUVI/PQfKE0OIIp+T03DIfJDAPj0y1w5P6aL1pYPQ48=","2Cz6pL4mhwPqaFzaoYzMFZ5ADMPPbSBabxAbQ1MrXDs=","6sYq1cIuG2vvELcyRH6iqelWjrW1pmxPwGx9j1QI5i4=","GJ5BUbvNJKiDOdVTwTQesIt9Z9CeYgpv4LX4O1cOvCw=","XAQCG+6esMvuVe3EUqXE7WkgZz1wr6HJPI539GbtKN8=","7K7l7Qs6NB9TdBn6SlH0jhLK4NBv7jKFyM8DOAfIaO8=","M95RovOYVPTIx4o20ex4l3t6xMAcXSwVjSMwdFHPGO4=","alDKXqSn8yKopJewx9vZbLDvYl42YijnKoK4a1R5rrM=","qhZgKHGTohBld7ra1QmBsLfLhA4KhKIgKO5w0LmjJ+A=","xZBUGPZTBveVIktwtVg4lf1urlN6LcswOrOkw2Tf+Lw=","FjiSOevUx7k0goXiCkaoEWbO0FL+NDWvywScidepVs4=","3xqd30/P7vsXk5RMxStg3BZUf724M7+99qXpFCmEP+M=","XwPhiwhT0HB3cPUUsE30a77nJZKj2BU4ikumqJMoUGY=","KUsBr5kqXhVRrJPag/M6sSgsmTzfuYk7TGxRSlZi4aA=","mQshZEComyvuGePbUc5OjpcEBo3uYSXZEe3X9keGT5U=","SaaRBXJgfU9jcl1SRSk8E3jS5r6RaC4h8vx+1ZaLPEo=","oHFcIgSsHLuvRrmZ0Q7uzfcQvXqnDB1JRWnAGWSnuis=","zhABJhDLDl0OzDiB6UOWFo4jFesy1tMuhFm8YF++Y4c=","XmREwKM1tWtZZ4m2eRqoM4FKb4cA/9b1hvYFD+vYKrs=","D3X2U6/1kqZJE+hmih7nB273CQgputSvuTt1tub/0G0=","fYhdl4KtNXHEpTn9mKwlBas5TuTwDRQUns9RsXf79TU=","l1KKrHA2LL62hrT613gdJydxm8aOijO9Fh2QKWKVGDc=","u6gzYsg4QhtUc7TGwk8PMB1L6elXmESZc4FWpgz04C4=","cw7bfM2Uptxauc7nhRIVRk3NgsvFacNtekgu5yNhb3s="],"block_size":4096,"path":"libs/font-awesome/webfonts/fa-solid-900.woff"},{"block_hashes":["8rdtZo1RpSoVxPfy9rppW3luYts0zAZdWYCUmlXDYcs=","O4b4o9UW41Ar3hSHspQeJfv7M0OJigGtyzlO+RO6WhE=","mKk8XwO2hDGV68y1w8IxPySORpk1CiD1CpXtFwnEhGs=","bRKQokKM/kPO5spqEJJZt+gccjaYaIiF0Bbzwwo5r1k=","CZqK280uC9cXPWbiWkm1wf9y3NksEAMKQIY6oLFVyuI=","MllYf3w9+sQHIkoWobsdYnHme4RLPNhHvpMrShykq/E=","4mpdWCFf74f7mPILzGSgifvD075Iq7ALl0CwQYyeHCA=","xtXhGW2LVrwCwSUkY17JYRFQQzabIctcdp3Lw7wWUHA=","sBH3p0ytQh/NYIeQlWxNeG3yZsO7S0FRTu2M94Ft8R0=","gML0vPrcLYNazF7dahzlOmaAJls+qk3kBV7t1sKcF5w=","HfMDy2O2MzST6OTgHqeAqhbNq6KsTb+BfEwjHJpSTM4=","oymVgcSt9YBJef8be84AjTwBVxhcifcdj7/gM3cRtQ0=","3HpZSVeB4Q5BI4xyJqQjFes/7zbuJbqFkkQIxiEHhhM=","k+V67Z0SEVWvQsTZd1UtL2dsx+sTblIeJ48NMhb5Evc=","3HwM9+SgMDxDPYQQMEx9yQXcTZqndTgkAgpunahPNPI=","/MS7I/AHRkhUvSaKTHo62mH6129P20XZ+Ev0X6PeE5w=","jkLFCscZhgXHqtQmxXb9xbwn9MD1RoGgii2oWxbbmoA=","lf6orsqvoOZC4jpILSR4BA0nJLDrtfUoE6gkdZfJ+Ac=","tY++P2kdMYIUH6QIYWn7LcK0LooxB5pL52fyGX0NxNA="],"block_size":4096,"path":"libs/font-awesome/webfonts/fa-solid-900.woff2"},{"block_hashes":["1HSHxq2Yz/vzMJvD1VFCAHtwkrALYwIANqLQ17e7TsQ="],"block_size":4096,"path":"libs/invertColor/invertColor.js"},{"block_hashes":["m0a1za77W5T99808idkvxGekXNRvsAt+VcvV2y3qqJ4=","lkEQanuPzV3hp7iviic7nFNP/OWlvl98/WKBjTB/DfA=","qhfRKv49BiDfJszPrnJHMQsLlELFjYzMm7kchUodmSA=","Xg6b3f3US5L/+aKBb2tODjdK+L/SgxmX529hMhaFcaY=","WS0/ZCyv35FYX5+h0xUm0fn1vYCnlPcEOXxl9z46iW0=","maH83iBSGj1xvzewlM3EtgZdorIpYMnVAWE9heK14BU=","StOzqvBgt47nBo+NR7AzvNORlOyfJnR5Ec9hhfTal3c=","sFFociS7r+Z/xY3MyUB7QIRRXY/TuOj5Ww7cIUF+TsQ=","dNw0tdnEnZ5+aiQALMlropnV+E0VQ/iuIQmnzddgCl0=","9th9j/fzc99U8+0PNH5ruOHs/bRw1XF3aUjrWAGbCcc=","4Kd/s7Z7iQ2kZqtVy8Gd39CTm/AcjDFocOoCtUtvB9o=","mD+p9S9KdXqT1hM9zKpHPlN/rgCLgQ8uxGzAnHb5t8c=","C2FY3Qg8KpibyTUU/RHV1a7JG17kKFUG4kuJfD2SHYQ=","XS89b8OcOq/DbQ3zgw50nuLI0zQ/y4+0GtmKvxcURDM=","j5Pi1+dAX2BsCbMgI4potDEWq6yAbygFkv1akIQzi54=","97+NU7GVubdRxBnpqi4zqLxToh7mPK6DjeLhDuxF8pY=","Oa0If0xfnV99Ga2tiZ6m/2Ujn36XaFuhty9SEmx9lwk=","y8T1nKOJQyX/yZ97CdOgmt6ZD9lhkxVldQfbYh89uH0=","MxtotVZklH+zzcpy4wsPjfISR02i/BHCMXfuxe8RBCI=","dblNezuszqsWPOhC9mAHxgDhEum+KtTSww7DMoPMKfw=","WZiVNkigza1BOyDJ8iE5qcqe3NKsN2C9+7wkqbIkb1Y=","8cyqPxMOHkVipQ5F8rcnnQXjL2WSAtvZt9oSrTqETt0=","sy0F1wuWd7qfIW7s5ANgcMRh0v29crf03ZSUH881DfQ=","65XhoNjEuQdf3DnBkS9qfixnrF32yJCuMVgoZ6/b/q4=","mjLMS5zb1Kv4zHFZCFURveAXFmTEaGRHJVCsNqq/2H4=","VV/HY68pr1WyTJ0jucqfvViFBAhdpVQslOzTIw4DQvo=","gfBPzhaz+y7S5BUN+cImy/Uj8BADiYSmlAmRJXjRXJY=","8Bp2WQzpOT2d3zWEBqhBZnGLfJZxyPKaO1uR4UmYRvQ=","ZPoVVbrKktxlHK8MRou9x9WXaekUEoF+CKNV/ZV7m2g=","rbWUNFz79OoHYymfygXBq+zqKEmiULntrxP5J7VyOUM=","hLfLTNiKecZlJfpdf/ZqAzQFtifCnlXH183dRspA3DE=","j44Vw9H/8ICf+z81QlWyB96buxkLvaaaks4Qw8yrIKk=","4WrGfqWPrp4F4fZnEieQ524SPg7UCO+BnNAb4TMrBM0=","Ii8NVhmH2vT2eP5EzhujLB6TJPAJmZApCKEmccPPpH8=","hPw6En3AoDMd0TCTJW2Tv9RnfOm4i1TwruBAj/rLOGI=","kZry2hrwS+/Tm+S+w5x8e+OpM+pU2xXfFk/lAxRD0qY=","iNmueZW/LArMlKvTL8WYtgRYAc11uH5v1kkUemOg590=","Y1ei1zKMpZwux7NX9gnLHV+WXoCo+BcCe1QvXmD2vpA=","+HJUztKlZnD+iI3IHGP9YFXDZj3LQxp/ml7tREyje7c=","gvm18vlef+QcGw4bdqkb3rcHpe1fhK4EuWTatnkxpwI=","BjzWCorkVuO1yaY1rhEs7jjkl70uL76v7oySptlItI4=","v5JQ/RYnVr5FoG1DitoCKbi9c9CpVhl1ruuvHfER70M=","G4os+GpXawhBDWtTA9QUwG8nklZHl5QcOLhpzz52XO4=","U+QeQ90h2Qb5XEQBnKxkhPNcZtE1LpEMLFAzR/YwwSI=","LLv/xwAciV79bmZcGt+ew/hWVfkyjiyvl3C96VQ9r2k=","8JoNMp9ATKGWamq62zEVXxmFXAsF7XSKPisWOO34uzQ=","eYEVCuyquRPj5nVt/Rt2M98ZbSe0IVgZ69Qm5ROXDlY=","VB+FTiJwU5081JPhGbuIXRdwWpHH62XYjdoI+/eDHIQ=","CzgiWrDNgD56hnH7aOsG+kL3INQ9NYkG/4pQoNxC/44=","faUi+0unzRCukxwYF9+1QEzpwarwGRCTXSymK0Bzvvw=","aZNiCiuhTbDl+TVtomzbjgmq1ikV/UH19lkNFhoDF0c=","lFABGZ/KGkhNo59laoEr6s2jB2EYbLYp/bkmkYSwgtU=","84boubs65drmhtt0uMOBmKDvwj81MkBja+IOe3aJ6KA=","f/tbbApEkh7Ub9DNHVniHs6ug3kbX8tmmk+ICl0v6K8=","CkOIf8TFyIns0QYLoiYc443yo5H60pmVHPehZflPM1s=","xaf3cr0VSPQAump+1QWYb3y228YCylSw+Lh4rKVXnOU=","ZK0e8Nut3zwAoCLY0s6PZ1YiFIgWMp7MYT4vcuZV3vs=","64r8ZXKLOCOfi92/hHO6bmXM3d/WevsSVNYGPb3sxO0=","ixD+Oh2G2AcZoFDqoBPJVvCy+SthIP2BTfvf8dkkTFs=","ZcAKSP/QCbMK6erp+Gf1SV7L/QkS965H1vJjXDnNdMk=","INzuooyKEGGvI0wZ+6o7xlV0Iz5PT5LZk/Y7BVDBMsA=","gvfVu1+nUKYey0lMhLEXdnStawM9W6r2HOUth3POs6U=","wkzLX+giFbLkBUiv+2wbW3tvX0FAQy0ks5NFBt8Aat4=","eIn8xfCLWHXmocPAea5ggU3CjYExB6Ov7UDo/QapCfw=","ps6RtC/kHDB6BMp7Dg+xPPFSaQGiR1wWrUsEs7pktbc=","NUv4Lm1qxZlg0jVtzevUXYi3Z3VvGz9/sRuOup+dEBI=","dTOsYp+VgLCF0edGxzSGOBm0/QGi5nsJCkvAyds48zU="],"block_size":4096,"path":"libs/jquery/jquery-3.3.1.js"},{"block_hashes":["nNkwmgQhHPfPvn0wXRpLFyj85fn0+ou0OpsIwILb/nQ="],"block_size":4096,"path":"libs/jquery/read.me"},{"block_hashes":["9+m+czdDPdq82TULRMIBwKohZHNM54RWu/TP60n30xw=","YCBEXnMhFBEju+ATKVcx1wFYG62YR2kkY3vdz9+i6jc=","6haU1VM/ly883Fu36Eq8R89UaThemIXaHp0cljwr93o=","6uOC5l5X9XxWIGAGgedTgSHSk9KJTMd44cxMhZ1RMYM=","yZKJlrX32ErmBh6o+W7bIe14xkOyKxGE90WfqRx7GBg=","byLlJ/uZVwqZCt7rMrNKDNn7bMyW06/E6TbRT3kzy3Q=","a8lxXxcoCCXQ/O7DOmz+JtbH6p+WHOBFlD+wXGoKYYc=","KIwQ5AEjo7tRnDhgCjk11NulMowXqDSMbKvYG5dPruM=","NHYnvOHcnm4LhxGlJyzF5F6DIVmGAynY8Oe6LedS7Hw=","hal+6LUzsw0Q+wh3I7pdYBQdredburQtnhWzE+xc834=","wkrj+yxy/aGEZYpetNCgEGHHDmR2e5BgblUT/tPFxNg=","BlEY/dZifXNoPzOASfKiSAbFcR5B8iHqUnW3N4JjPxU=","R6dgvZKJA90cm6t2eCMhZIpSBN75bGp9Ps1c8UXiJwc=","6wzImYv2xrAlcSnz9kpG2g9u7smSDYCRCd+sUm/xB58="],"block_size":4096,"path":"libs/jscolor/jscolor.js"},{"block_hashes":["c4YZYumacBmQEgf6d4xhIy+o6sz10TnA9LivFBWMFuc=","M7gE0bShhGPB/pthJusU8lttp4MsYpXonf3DFPzbJM0=","RUVwSX5EJ5nF2SatLBQMqLbIcTbwRLJ3H0toIdvnLBw=","W7Pov9ElVUNIDC7DjvNhq60wh5Bzh7IpSpt74ZIlg+Y=","VRBl+JKntzoJcCX5kXja/jF5WqqVK/XaYEsBvAwGp54=","toZCI7oUyjbmxZyOdUW96kb3QXXRdA09SBg0u9on1r0=","BwC1YM5G4t/+5FAjta8Bu6u8li61+HYM1w0YCwXWFDA=","KAXUwLmkepmrsTuxF7D0mSM6Zx8ujguCMprNTiVkx/g=","vWGwxxpMb10K2AJoEYgcB8wTlbcg/wIQ3SDzjwqFz28=","Xg98qGBOVwN2P3YOfIWeks2Eax5cJiAw0dAI5W+YUa4=","WGmujYxbETwYVXyG8TRswSM95eWtTJx19i/2UMK0198="],"block_size":4096,"path":"libs/purify/purify.js"},{"block_hashes":["VPMzsHaqvWfydoccFpN3ZB9xxIpYgYP7iGW1DOKbQe8="],"block_size":4096,"path":"libs/purify/read.me"},{"block_hashes":["dK9E1uwJLrt5lC9dDO5WQk05f2yHZO90qvp6sq7UowU="],"block_size":4096,"path":"manifest_chrome.json"},{"block_hashes":["9FjPan32O7TEaMt6pQNw/lCVeT7/j7Vhh8ORwxJ6hQ4="],"block_size":4096,"path":"manifest_ff.json"},{"block_hashes":["lGJLDyxi7J9wWWQz9Ch7dnzTEhxTj6yoh1rvyx3LytM=","wOtLF8xw2QT8W44VJMD8Og5uvbK1GzQuAi0Xc3bybKQ=","LEB2QEg8x3ygSQAxxnXhN9i+9PK/LHQ3oEu883UOzhI=","V5ZtasmgzRgkL4yPn2+AXIOjSpG1+BIhiBfndPSzb/0=","HSo+9jlsj57wdA3eEBnkJs9QBVmywHCVw0FQB3vxS0w=","8DwbFhdxwxFybrJ1Koneud3uPrBlZiZ2IPs4g78XemY=","iesyW0x/IWptAKBKYfrazbMc8X4eu7OlAd2Y95ZWUoU=","wDYuGEr0Wt0XNrC8yq0lvVGoKhJzuAYKfK7INmIhjYM="],"block_size":4096,"path":"popup.html"},{"block_hashes":["3np0/+f3S8fI7yIdbHurGqr/JcPVCth7PcyacQ6e8V8=","2uLBqBNoQfKrxnaq5nZ3BqLeTfg8pNrpkVh4YEjtano=","SmU3VS390JECSb22C62G5HekTK7oMimRSkoX2BcEFfs=","o2lxoccmJHfOI1yOxopiAckPdE30NCAuzcayZk94u/U=","V1aAFsXnXPbcQGWtTF5KaRW9KtT1qwQReTnKNiZlNuA=","TAS2MyLyouluV5TJQyC2le6X9FZoC5WEylfLrGcCLsA=","lga9A+sTCC9LpuGg2oUMpEU3jOobuPzpj8eHboRc0gI=","xvPqjjYwGA/xwO04GLOKzz2NI1sRXlHeAZQDn8F0NZ0=","0RC33/cBnf5FyjHeEPfNtTdAwqqN1GdThbL7Oyi0P1w=","ZL7KtGxzK5g5drIpM4KgmooWcWWxYsE7mWIHzdaf/+c=","+/PN0XgFf76YJMg3rB4mjxujiS7pB5hmDppzviTPewg=","QWj8gMXr8rNRPXa7Jz87RvA5VaPY87N3JV0WcqrOArw=","hW/r9fbjlpz8TfEgVJqV7OA3A3SQTaG9hqM0B0l7iD4=","sazIbgNXdfPR6NucVCM/iMEFFymByS1cLtiAA2fj6T8=","klU+h81mig+J9g3mv+jG636gFdfjLQHoJVByxNZOGAk=","X2fCjfo4ALTHaoqyoN7gWn9lFsXu3HD5xg90eGzqgWQ=","cJnyWFAWat96xdlUKd0UCtjY9e74H8KjABcza2bKN1I=","DiC4qbJTbzGZklsMCV+gjI7VMQy5CcrzQwwLBJxbLOk=","10D+JpRyLUuCavrw7oOCW2duoEHosAF3phLavhE8ii8="],"block_size":4096,"path":"popup.js"},{"block_hashes":["tWKewh6Gyv6vKSDjDHv1JfjLqlgBms6j/3LpPz+dn+E=","X2ZD7KS1MwCSte38tLDNA2N0BGPKML9ffbysw2ccAZg=","TT2Z3DEozNutalY+1MZG3oq2goM0l+exyssX9xfSwFE="],"block_size":4096,"path":"popupEditor.js"},{"block_hashes":["Qgo08BaXBm1LOVBflPwuTkscq/O+kCNJ6XkUAZyM+Bo=","ciUJrebh1NMF6QghsW/xZCKF88Ohp4DEOwknffy+JVU=","a9R0lM9iD1GyVBndMyTAktHIh8LCyH5udVSAuklTODo="],"block_size":4096,"path":"tabWordHighlighter.js"}],"version":2}