{
  "manifest_version": 2,
  "name": "__MSG_application_title__",
  "short_name": "Highlight This",
  "description": "__MSG_application_description__",
  "default_locale": "en",
  "permissions": ["tabs","contextMenus","notifications","alarms","storage"],
  "icons": {
    "16": "Plugin16.png",
    "96": "Plugin96.png"
  },
  "background": {
    "scripts": ["libs/purify/purify.js", "extWordHighlighter_notifications.js","extWordHighlighter_skipSettings.js","extWordHighlighter.js"]
  },
  "commands": {
    "ScrollHighlight": {
      "suggested_key": {
        "default": "Ctrl+Shift+Space",
        "mac": "Command+Shift+Space"
      },
      "description": "ScrollHighlight"
    }
  },
  "browser_specific_settings": {
    "gecko": {
      "id": "highlightthis@deboel.eu"
    }
  },
  "version": "5.1.1",
  "content_scripts": [
    {
      "matches": ["<all_urls>"],
      "js": ["libs/jquery/jquery-3.3.1.js","highlightEngine.js","tabWordHighlighter.js"],
      "css" : ["highlightThis.css"],
      "all_frames": true,
      "run_at": "document_start",
      "match_about_blank": true
    }
  ],
  "browser_action": {
    "default_icon": "Plugin16.png",
    "default_popup": "popup.html?width=450"
  }

}
