{"file_hashes":[{"block_hashes":["3laQV7D6x8inJQ90wzWDV8Igee844nWfZTZ2kecfaYc=","zNKUDrg716RXtbXMf6x0XMqHjoElJv4aD43G+29LHFc=","zWhUrutfdkCX42CLgbrZdXeoM8wEUvvSvEjEX2t8uA4=","6+EEVhRXdIN5WTMe18Wg+dAJCNQkOowJyxcn5xiA1N0=","5P85Zfom/RayDkhdo3mEPEi4/X8NHe3eOaW6TLjblkE="],"block_size":4096,"path":"config/config.json"},{"block_hashes":["Vb5YbGFomhpAIz67lmdnwrQ3YJRNsZwFKDvJvqMeqiw="],"block_size":4096,"path":"dialog.html"},{"block_hashes":["sU4X1IGpjhlYtjQM+IBrcYZRH4cjAejipAADd+Y9GTc="],"block_size":4096,"path":"images/close.png"},{"block_hashes":["2IHxNrmQxT74s2UbW6bnIh+l4SzPv4LdcQrzw0usHLk=","a2ZrLuWJa3usP9lT0BTWv0as3zFTbVYsVQqyLcxi34E="],"block_size":4096,"path":"images/deepl.jpg"},{"block_hashes":["gU7rkODUo1FV5nJ7Q87iU2oJpeGzXRHWzZ+fhCRjb8s="],"block_size":4096,"path":"images/gear-active.png"},{"block_hashes":["Lx99RqiIQUEo6I+ExkbtA81rTGRoi2Asx9/JTxkA77c="],"block_size":4096,"path":"images/gear.png"},{"block_hashes":["kMuNdZ6y5Id/t0IDXePdEKJfQnxdlqg+4j9GyAF77AU="],"block_size":4096,"path":"images/icon-128.png"},{"block_hashes":["1aG2I8AtA0PRL5MNG2spco9yAZ/Uw86crVyZL4PgLvI="],"block_size":4096,"path":"images/icon-128_desktop.png"},{"block_hashes":["gj7MrWATqHyeoK7JHFj38zZP4AcKwi6RJ2rzJVNonRs="],"block_size":4096,"path":"images/icon-128_disabled.png"},{"block_hashes":["u8aGuI74RxuGePrMu/t5buHlE8SSVZ8a0wJ8c7z9QmU="],"block_size":4096,"path":"images/icon-16.png"},{"block_hashes":["/OKSWCcDLsuO/poXHW0zyzBTiReA2r+qN42LrKNvcfQ="],"block_size":4096,"path":"images/icon-16_desktop.png"},{"block_hashes":["uUO++Nxnkisp5/5tMpNP7cpfHy+Lole4/Sqqaj9TwsI="],"block_size":4096,"path":"images/icon-16_disabled.png"},{"block_hashes":["qRRBR/czB8otercwt6Uy5Qn1uQoSZviWMhDs5xO2tjY="],"block_size":4096,"path":"images/icon-19.png"},{"block_hashes":["3vC1efbD1KtT2C9KWUA1onTsUIuv35rwlphM20ghRBo="],"block_size":4096,"path":"images/icon-19_desktop.png"},{"block_hashes":["5qExsSf5yQPvo45ynP89V4PR98eldnJd4Mvf6Fi7knY="],"block_size":4096,"path":"images/icon-19_disabled.png"},{"block_hashes":["zOYDwCMckr2cL+0Y2VYu2RNcRlAY1ijuEDGQeZq/p8U="],"block_size":4096,"path":"images/icon-19_new.png"},{"block_hashes":["LwS/idihVRNk7d1Gclw6gJUKwW/wrP1IC2s+AqrKwiY="],"block_size":4096,"path":"images/icon-38.png"},{"block_hashes":["cJak6ZMcy4ryBYwAIHWYoTFnP3PC0ZtNbqU64AH20jo="],"block_size":4096,"path":"images/icon-38_desktop.png"},{"block_hashes":["RlnRrim6Ip+vHNuWZY+54pb01TRTUgt92PUqh3FLptg="],"block_size":4096,"path":"images/icon-38_disabled.png"},{"block_hashes":["GOWfMZGQzt9GHPH/qS0dMbuumgWdHEpYv7pxLf2Lbuk="],"block_size":4096,"path":"images/icon-38_new.png"},{"block_hashes":["OtX1o9IOzLAdg+K+nSJ8rxYIpCmhJZefT2akt+w3MLs="],"block_size":4096,"path":"images/outside.png"},{"block_hashes":["KVsEI2fNY7U3aIDKErGiTBgapqNN4mlX/fWPCC3dpew="],"block_size":4096,"path":"images/spinner.svg"},{"block_hashes":["rmw6HFAs1pwUQpWwrRUbkTOZ8nlwXO4MDsxEv+H1Djk=","hvlKl62nxOumL3+FOR5YO8Tn0Ph0svGGNEuMDARlvkU=","ax5vm78G+R7lhBMYYTwJzYJ118Z5MzYYD7UvqTTtIO4=","Bxxbi/4n9k/r9p0Y2xIyR0TFmvjS7jClMWPAPlzXMUs=","ik3yWtKcX0YTHvCn8y2s4HK8oDAMFxlvLuKsRqS5cgU=","zj9nytPRtqOJkAGqzrG5qin4DgXuB1ubyNvcgZ/I0VE=","cjWVGXilqJmaRfudgd47EHWdQD5qi0JFglYKq5xzpvc=","lrhrTESadf6h4AGvu5px0LcK6kExGdpxEATB7Zi0lrg=","qe3zCnlCZHYBIb5noGWKDeCOVaVJhRNYTV5gNPUYV/o=","ws85kPIkqEb5RpiGuFq9SpK7I+H4b1r7jkFJ+uswjEI=","Qn7ApC2Kttbz1/krobWkvIKLZyp8rWq1hYr9idkvnew=","dDKp+04kQCMP1QNW8G6gCtGOJRE8DeS/qPwibQj0g7Q=","ARZisEr7w9F8m3D24r5Z3+BNq3VOMAlZNAzRRqQ+6L8="],"block_size":4096,"path":"images/sprite-action-white.png"},{"block_hashes":["UZql1pNY0A4I8SeXTQ9K9sPTlFMrYXP9MQczDSqB78A="],"block_size":4096,"path":"images/translate.png"},{"block_hashes":["YlVOXx/DmlmNGce6fNgKzfRZeuF2I4ws5AYs4lWGLlU=","NW9WfEWrMW+xCRixPFKHnsliDEDa1CpcqD65HJFKQZc=","3YRiwdVVjkbXt6F/vrdJ03XF85+Ie2P9V4V7YNtXWOk=","iZoD6nsRAlAVLwW00EQDoaL4VVjkqmGN8Wr/nSM3lFo=","kWzp9lTdIpT1Ui9o7LZulaC86qcorNkZhvANhvspesQ="],"block_size":4096,"path":"LICENSE"},{"block_hashes":["UZqmfisqm5Dln13g8R69aQNSXFZspJXSAaQfqp5nCDw="],"block_size":4096,"path":"message-dialog-action-popup.html"},{"block_hashes":["v8Q6GdfRP8NM8ope1jLGXz84jmyM6q+Ty8K7EZUP1oI=","bAymI7tj/gLoi4ij1RukFFjs8hayv71iVp/m9JtJdIc="],"block_size":4096,"path":"message-dialog-special-page.html"},{"block_hashes":["+4obUX2iwnUAFNZp1k5ozwA+/E/I8w0JtP4Me2apO+c="],"block_size":4096,"path":"message-dialog.html"},{"block_hashes":["eWAxoFhxGXJMRtkzTq38h7lpe8yDHqEPRLckRE7nc0E=","eEnI9u3vXiUTz3gB1u1gzhdi45G7tfcfRRvBwbA1rGY=","QUTxO2XiSDbAGVHxfPFme9Fte/OlpUTwJ0/gBy4xUbE=","HkfvxqgItO6ZzTKrA4Y/A8AGo5I4AAOzQ5FNBQDRW7o=","FzRTpJy5dPfcBRVcjpiC38D82uzLTNQTuIOz8xHrfXc=","uqOQYtFoPGOQ9nkIBBgbWIYQTYtyOgV8VsonLwd6JhQ=","/Pog6OQHRz86VFMVde3QErl1Frgq+dTEENst2CWuoMY="],"block_size":4096,"path":"options.html"},{"block_hashes":["i1KuR7SBjPfkkib6ms4+ZUMQrvo4RlRMaQB5equtHwg="],"block_size":4096,"path":"overlay.html"},{"block_hashes":["aAIsco7CT9ar5gfwRr9ZPW8VpCZOn1FHKZmTzHG5RRs="],"block_size":4096,"path":"README.md"},{"block_hashes":["CrUZAQSi2lGklbTgsSO95N5Fs1i7QJWwaYJvL0TTEVc=","zHbw+EGdxzqujbSBQV7Lxxss0YaMrnI7oM+83RaPPds="],"block_size":4096,"path":"screencapture.html"},{"block_hashes":["9jXY3+NeRmxMg5ZqxS1ES5PkzsjCsIxvvoMwyTM4u4U=","tc/XlBQ05xWimWE5WZyY6YZKtCbTSz1xHZL5Hw+GMyU=","s6xnj6hr6DrP9+QOvK3S7pjSzSi/NxvQDEuNBs7aM2I=","xq6jR7zGvSGoIVUi85lPZ7wD+lNpzHs8uE25THMnKrQ=","4rnIu7WqrgcGHGtzUUZw84Bdq1wab07iuwOw1QLS6V4=","P5npvf0pgNw5gwIhUF9ca7ofXXzl6GoNkJEzJ1ilEh0=","WZL3M1+/567ctPIkBa2aNj0J7J5x0I+XDxhZV+O7G8w=","puSHAHX6Gfq0HXhOe2xDKsficv/S2BYqkf6KxwmpiDc=","P0/0a+5GAkPxWmQS2Tv95nahiiXJp7enQeAzGhFmCE4=","Wnu4mAR2So8qI2f7YhTPaDrnpm8LM3njJC44LeD0+SM=","kWEIBb64SZFK2dFbmD0CFsUif6ihJomkKySrE+6BVVo=","LwSswo//8n1usEx5yTUIBSouMBgW3OArf2ZEIdMSEXQ=","da+++x0S4CvCKR8yK/34xWGzSENP7uuw5X0W0WSQdwc="],"block_size":4096,"path":"scripts/background.js"},{"block_hashes":["QczLSEwIPD2ofCcI9nbXVsf8xwLAp+oO4ml9E5H1hbk="],"block_size":4096,"path":"scripts/chromereload.js"},{"block_hashes":["R25ee4zEXxpQqMwM4nmJrxFsoJzoYiupGQvcTqOpEDY=","CIcaCqnkVxpLhKbMfVBdziQunkrhts4F/HoTOzInoT4=","kVgnCsdr7rZm596ZeGoXJ8m6lUXHIYgpG7LDbjL/IE4=","8Dzk7jNAgM6+t9+tR7u2AqZit4YOwTQyKyMis1R5oo4=","+GBOOyL8lRR9CaE90SXbeaOOrEc9MfeRq9wNNdkxe9c=","2ipATdTk0u5Tuazq/rrknqqdGDNFVz6jKPuOwenGw+Y=","xVBZiEkDyT8W6FVXpRTH/NT9aXJ00A4hEpnMHBN2zvU=","VJqmCza26U7zd6XDaIT8m3tYPBtRyYJDAbdFo+kIFEg=","Ha24Yin+qEdXeHVOxq7VW2ntvS6h6DsWn6u4zOfEb1A=","RWhrCyFJadsdxdVqkWZDUzRAhpV8NfrzaQKIdMFWz4k=","e+hNKnVsCqj3isRAWGerPpYfJvwh5NdYbfGNGpBnVWA=","KwtNqyZ6V/3qYbMEviB3l8m8ivPPhsZqTn5/7o9Kn60=","f96C6zXfI5p6ylrlTiYlfclDhxjZ67JE6aemU5jvAAY=","ERIwWkWB2aV5/MrAQ4DOLjxlhEvxCwKrk72UDSGmeCY=","FK2jTIdDk74zRtHeTbtsbJbFgLd/ryIiyiZSCx3sFow=","BzSzdhuI8opKEXoFiak2a5Bn8C1Ltg4maSmomAS3nJg=","E521UuKiVH/pzDmlB4g3iCVtEBnc8fwdYfOUbyNB6pE=","r281KlYX0x+XSYUVt2oOOsKgS7brd1X/E7EQ/LPUNOs=","vDa72peneuFx0B0+/7LnkQpLTljpt5BWQMOD7FotgLs="],"block_size":4096,"path":"scripts/cs.js"},{"block_hashes":["CBflEOuxEX43Tb1B3On1/jyMfphhr8ziRMqQxxI+A/k="],"block_size":4096,"path":"scripts/genlib.js"},{"block_hashes":["GQ3ol5oCCexEp2YOtLRipiRbAs0czlEY5yZ+6hxv7/M=","FOjPTxc3jtiQ7s7mRPXN/URDz3Jct1eGpd+EV0J1i34="],"block_size":4096,"path":"scripts/init-cs.js"},{"block_hashes":["Vzrr44DdsZ4zJtI9TAelBDIxc+2H4nEcKqtNDcF7evc=","/IP05v82FKsqWb97qH3hoJpDMT2V3lYaNHqsriiLmtw=","ZvMIyYWCuBNYyLgqYB1l3d6X+OtNaDFf3vJy4xJZ00o=","17tSB5k9o+qItLMSusNqknG4yY+taFhL6ILqQjXirFM=","Ab1zelRm9btjhEQl3z2FeUxdeYzGQ/Nsx12P/EOpgqc=","JRB2h7sbeojDYNZEkEsMwr4yDxMdS9cNd2hqyZ5Vego=","I/qGQG4e+Z7E3uGB3llTd0fdHzAXt6LxPOYjc1WtdaQ=","x1oQIrweb585+0WSAMY0wrt8rf7h7fL6PcKIoEV44Eo=","q5sU2a4fLXBgWGMYS85l/rCFHL0uQrAWRfipyVdixJg=","HWKOOh6zoAhcdMK2P3UtIxI2/GNcghwJxYoSZRzGoDU=","haifBTXIHVQwDq0HymLQ1IOrBoaKmliD8NLjMcqw5b8=","0O545oj5NUdW3fSzaIhIB4ZlJlINrTxhkE7pwNt0jFA=","M464pj/zKjaFQFAzf7k19/ZGZuR8A/l98+VaZz304I0=","CalYKYn3pli9zYb1BjAsDf2p1HXbkqExU0wW6pE/arE=","nVtn1luoFhodHJnKr5k6dIQrWN631HMXKufVWFJhJYo=","r9DS6sKWYy9/RW7MKbnNoZK03AC7w49xH3eYElAKzv8=","cOINDdN27o3yUetn4BHszD59HOvyf7IgqfcGmDU87xc=","uYwxKaIgAJVir9BQ7T/oZaFZkhy+kyF3bMpFwkK1bZY=","LOI9BzpPMPy1Ub0KKU8XVFREe0ENp5PvATyGbMZu8Ew=","ZVdi/DAX5D+I9Yxu4G59XjvoKLQbbsSHPFmivM5mm5c=","jonJggiJEczebvNeb+G/Jazn91r8xiaVY91LiEkByUI=","pRz3BM7TN3/6LvXLxVnEBJWV2/14ulA3kPd0ttojjP0="],"block_size":4096,"path":"scripts/jquery.min.js"},{"block_hashes":["OV/R6UhaMHG2piZp6LCA48McBUiLU2MOWENFL959ueI=","cDBazwAYWtrrn/kPsC/DLL3AfcovAHOMu/6t0SeGOCc=","9cvUXgPR+5g9+ljijiEL4CyzH1N0TcBrXjY8et4PmrY=","+PvGG4ukr6xoGqctDm8gZ9X0IruDb2vSuVMDWjMTJjo=","KTUo3i5cE7cShlySduNQL1m7AkelSIhAvbo/xFASfhY=","cYlhBg7Q1+7RTyJGwbxQvFa32JeeFSdlKySZqHdc090=","QqgZqfS97x7BZ9INCcbX8tNWJDQ2mLNRpBFmxkCarGM=","fgdKaBqHa+nbVYUpztDiySMI03KckdIOLXPq4Q8hrsM=","pTZHMK1k4VXS0mcEIrutg3cIIi1Zfhhlt8ZLBYufkeU=","S+xPp8gPhoELGeOoM4K84YjNyt3HNcHQS2C/lXk97/E=","n316ZtUyHCy6VG0kVZepxqxygRjwHxegR17Z6WxmxsA=","LuiRJ1mJOPVVg6I5WWcR8arH1wYPNnt++oSj6Sf3qrA=","z8QA9YyT3Xu3RK5ncdyqSzzo43fhlTdDCQmghfWOq0o=","zABNbm7f7eaKUc6zSl4Ik9GcRhzN7w7da7CmbDVmqTE="],"block_size":4096,"path":"scripts/material.min.js"},{"block_hashes":["uELNXukA+/e5URY+EgjU81ttbikpg8+iqCT/DK+61MA="],"block_size":4096,"path":"scripts/message-dialog.js"},{"block_hashes":["GMDHzpx32k4jgkdnjnxwsIZewTilY2GPj4PTa9NNqo0=","dgYsLWleV9NeBsiQpzgEhJlkP1zphaOfVSJy1Qxapj8=","nexNmajsWQ5AizcESEuzk7FidRZuaYJYmkNGTnYq9x8=","xsaWPh116p2kIoj94K/FtYBCPinqkcf8MIKmD+pvYAs=","qOAfbbZ5BxQj0Y7xnKidNYgy+w0jOq62w9RDFrIsU94=","Ll/4eCpLhuiqykjG3rDSaI01rFsbYCBzaCgexcki35g=","drU70Ra7o9tKbQSyttt6Lxsl9nNPH882scb1mkLXLho=","YexiTdtiB2HdD9XBqthUtmmVtBBParqh2I5ig2ZkmpA=","cD7sahAcLxscXZW2hFmskY1kibrpZDN60SNJKOo8f9Y=","vtmERB4kh5YbETh2RRNOKxb/Jr4A1eJlSWOJLyhAnq4=","O8FOz8jBGxG8uF6zsqwvLBs2lcqsI8vWQ+D8C1r+idw="],"block_size":4096,"path":"scripts/options.js"},{"block_hashes":["n3A1R1SbeEbTeYCZTvdXrh45DKRSZdS5cNKqnGrvTcc=","D/PH62D7RSHwwFVg4rm9g/Ymo3v68nGwQtCHtYZBBb4="],"block_size":4096,"path":"scripts/overlay.js"},{"block_hashes":["SF8BSvcFFvVRuzF9mpkA1B76wHlYeABKi9ARI1976wg=","tS/pDBlYY4TFgIpvK768DKt17Ais9BFZr18ozdBxS+c="],"block_size":4096,"path":"scripts/screencapture.js"},{"block_hashes":["BEfSWUUflEgtAJRXAqo7we9c+OOPYogJS0+AaWg/V/w="],"block_size":4096,"path":"scripts/tabbis.es6.min.js"},{"block_hashes":["UvTN6glD+LMRff9sPhQPgsQUhCLGq5rbY3Y9ibCBH6U=","dLiCAfEtnj06ZenTAkU2g1iXncGc6wfz9VF3Fbeer5g=","wBbSjTO5OyOV3VN1rwzSPg3ySKWwHDtxzFsDeNrFZ7Q=","dwtPIm1Lundqxl0yKVRbBvtb9EwDB2h5qUwMAUvd27c=","H97/YTYsSaQT4jsGlSe8SR67378XCthkRGG5PK/Gv7w="],"block_size":4096,"path":"styles/cs.css"},{"block_hashes":["w6iJD2MZskcxAujsoQKVbXcy3xTyHZEZJOYb1ztpK/w="],"block_size":4096,"path":"styles/desktop.screencapture.css"},{"block_hashes":["1F2CqsaAr+RrNaoqzrYRS27tSLfPfZX7dtzWibrl3FU=","qkZFeQQhpr9k108A+eobfM6gwl1aKelBYOsNqfS/Zlg=","WsOe8VZN/jiy9g3eDZ4PKJFf43ZX7KCEyEyU0te6ZN8=","iFHj21RZJMuDSaJdFdfKpX67H5Mwz6pJxzD3garbnJQ=","X3wD+rS1y1Jt2rhN8UGc8YaBbgY3FS+Ag9OD5J7TEWU=","Z38jk58oxUvdM4Q6et2uYKNQyAIVBkpOV2q3PCFKdOE=","ShuV95dAQYjmqyhyf1K0wDhkGXNaXKSCjUTy1dPStaQ=","jcCd/Kr/Hl4nCGIjAz8hgiy45i1jQDSZVm3fOtPm/hk=","xKp9AgCWK72o0LYXmrZpisDuECPWuQBCMfAglthp6Z4=","C335bhNdtASoJDSMmQVPt8HCLTMmkv85TlSAAHi2cWQ=","vEc2Rq6ePkUXvTQAFlASvljLevBo5l+ttIARJesiPRQ=","THWGOqU078lxC8WWB/wAYSozUxfFVsTvzNUDfjjZgl8=","DWPBctp+QERLS0/3rW/s7v3ZPmQ4ttFXjaZF7nU061k=","HFlBmSc5tFx4qeBmFJyjBcnxb8ROnl9dTiIaKizxT64=","cjG7uBhwIFw+AVvNJBqQdmdL8Bc50eHBJtHLc2x8ePo="],"block_size":4096,"path":"styles/material.min.css"},{"block_hashes":["zIPjysM4Ng9ynf1vDLTJzXv5EwYgz3qioZMYJc+JNTY=","VTKayh+5K5rEoGuR+9kUWgsgo//tt+15+M5jSEBsy0Q="],"block_size":4096,"path":"styles/options.css"},{"block_hashes":["JFM61XAkuDQYt7AMVQcU1qV897xtCu6/N+L/adinvvo="],"block_size":4096,"path":"styles/reset.css"},{"block_hashes":["U4dxM0BSoZSlt4o5dpBSXCXRUkeXHV7v97rpUqQiGSY=","4/ZePdlEO9ZM+Qzptmw//lWJxFvExdb0Is56po/kYoA="],"block_size":4096,"path":"styles/screencapture.css"},{"block_hashes":["7/fbWfJJsihTbelOAeP2mMJcC3z/K3J52csOpRl+2os=","h2T0yP+NfBmxvIjaLbY1oBUBuvrb6bcJnEM+ijM3dhg=","3JUfRdmgJY3Sqn3EA82n89w0y4aEZLVXD4Hm7Zvr+8k=","lTS9eSdcTTQC4Ht+YjrUOzn48ThgSAn3yzNM6PoQoyw=","cydsKddJFiT9crtGo/F2U87Wf+12Nad0fxLSGkpCQSs="],"block_size":4096,"path":"styles/sprite-action-white.css"},{"block_hashes":["mYfUFNbBQqdxMUK0hPOUiiMZVrAzCfDFTMmNLEKnMWY="],"block_size":4096,"path":"styles/style-default.min.css"}],"version":2}