{"file_hashes":[{"block_hashes":["itw+0misfKtXmCYAFrrxGOq/jsk/s0uY5OWjq3/+lJw="],"block_size":4096,"path":"css/arrow.svg"},{"block_hashes":["dp8/H21sGQ6sL1y78JSP7PNSuuDoBv5xwm+LSz2V98s=","KsDSxE2FGuVbsGUsRcZbHYO165gI52TIeSgncQHE2/E="],"block_size":4096,"path":"css/options.css"},{"block_hashes":["Saql+IeBkwRymV7gZL4LWayOK4x/7SblItjbLAitkXA=","HLEWGept0yGRIr8geYl+4Hxe/F0mceYOcR9tRzdtlek=","C+we+CBML98tzkafstlAWZ9m0h0EMRkHGjoN7nJZ/0w=","JUI3Zvo8tjDyxVNddYzSBKtMi/j4MpyWz6BTvEXGTWk=","btLmbyMAK72DLFV6Yx2EwhfGGFjY2vCRmn5CLuepHxc="],"block_size":4096,"path":"html/options.html"},{"block_hashes":["8y56B1Y0PONDP5ikHCFf54+giXnXMdGfWRClXlT++js=","fGnqqJ2CK6x5NmmJar7Kq1aRg5Om1T4Bk1Rz4zprp4I=","c09aAdT6Vn3Ts3xqRlPMvPqvI05cBABlibVLB5GuJaA=","lv+bxbUinKX8OjQGZvU1eXyZr8uzG+YnRZj21XsJ5LY=","3kt63x7Bi1fMpIzDAWDSV8N2J7nCSwedcXkoyfWhfsk=","eVygx4inxYHLLCGL3SGUFvxDV9BflzNY1N40rjXf/g8=","nXHIuzmjvYTyVGqyKmay6phOwtK8udT38vxNPTadmP4="],"block_size":4096,"path":"js/autoCopy.js"},{"block_hashes":["qTpeeNdAnt8NcLGLkOdKbBhzMdDTKMBfS1VXapdST+M=","ye2jwUsZ9ThgqY2MrC4p2fZsI/RYqCqvuRYH3lOdL0k=","a4267iQr9sJ8E2Zi4BOgRNWC7k5NLd1W/ENkXZ4DCPw="],"block_size":4096,"path":"js/background.js"},{"block_hashes":["9Yo3Z05f3XGPZ22ME0lUv3Ko5/NjkKF+Af7C8ebA8ak=","JWJiSON56FeFqDZrMrkCAGpY2E5gvHWZ5+iNbhL7qJs=","kzaO1hElb1UBDmPTJUyMykVjUg8+oGvixnOMvFPUViM=","nvGhQHO2deZ6thfulOR4cRhZtKIikpA0TuCGsTn4+og=","3K9wUPj60Bec+mkFQFtJuYf1i2HJ9/BwjxX0tfy91EM="],"block_size":4096,"path":"js/options.js"}],"version":2}